text,source,date,sentiment
Ukraine prepares new peace plan as Zelensky rules out giving up land,bbc,2025-12-09,positive
Ukrainians raise flag to show BBC the fight goes on in city claimed by Russia,bbc,2025-12-09,negative
Pioneering new UK treatment reverses incurable blood cancer in some patients,bbc,2025-12-09,neutral
"UN environment report 'hijacked' by US and others over fossil fuels, top scientist says",bbc,2025-12-09,negative
Why are Thailand and Cambodia fighting at the border?,bbc,2025-12-09,negative
Dozens injured after magnitude 7.5 quake strikes northern Japan,bbc,2025-12-09,negative
Australia's social media ban for children has left big tech scrambling,bbc,2025-12-09,negative
CCTV shows Matisse heist suspects making off with artworks on foot,bbc,2025-12-09,negative
"Ben & Jerry's brand could be destroyed, says co-founder",bbc,2025-12-09,negative
Fact-checking Trumpâ€™s denial over releasing Venezuela boat strike video,bbc,2025-12-09,negative
"Sudan air force bombing of towns, markets and schools has killed hundreds, report says",bbc,2025-12-09,negative
"Goa nightclub owners fled to Thailand hours after deadly fire, police say",bbc,2025-12-09,negative
Trump gives Nvidia green light to sell advanced AI chips to China,bbc,2025-12-09,neutral
More to explore,bbc,2025-12-09,neutral
European leaders walk tightrope between backing Ukraine and keeping US on board,bbc,2025-12-09,positive
Is AI in recruitment a 'race to the bottom'?,bbc,2025-12-09,neutral
A wage for housework? India's sweeping experiment in paying women,bbc,2025-12-09,neutral
AI tools transform Christmas gifting as shoppers turn to chatbots,bbc,2025-12-09,neutral
Why has Paramount launched a hostile bid for Warner Bros Discovery?,bbc,2025-12-09,negative
'New lease of life': Nothing beats Jess Glynne for TikTok's UK song of the year,bbc,2025-12-09,positive
Here's what Canadian provinces are doing with all the US liquor they pulled off shelves,bbc,2025-12-09,neutral
Most watched,bbc,2025-12-09,neutral
Nasa astronaut and Roscosmos cosmonauts return to Earth,bbc,2025-12-09,neutral
Watch: Moment commuter train collides with vehicle in Illinois,bbc,2025-12-09,negative
Watch: President Trump hosts the Kennedy Center Honors,bbc,2025-12-09,positive
Watch: Moment stolen puppies are reunited with mum,bbc,2025-12-09,negative
Also in news,bbc,2025-12-09,positive
Zohran Mamdani confirms he will live in historic Gracie Mansion as New York mayor,bbc,2025-12-09,neutral
Trump unveils $12bn farm aid package to help farmers who faced 'unjustified trade actions',bbc,2025-12-09,positive
"US deports second group of Iranian nationals, officials say",bbc,2025-12-09,neutral
Israel to review reports that troops killed three-year-old in Gaza,bbc,2025-12-09,negative
"'I am not weak' says Slot, but Salah could return",bbc,2025-12-09,neutral
Zohran Mamdani will live in historic Gracie Mansion as New York mayor,bbc,2025-12-09,neutral
Pioneering new treatment reverses incurable blood cancer in some patients,bbc,2025-12-09,neutral
England fast bowler Wood out of Ashes tour,bbc,2025-12-09,neutral
Are Man Utd turning the tide or is a 'bad result just around corner'?,bbc,2025-12-09,negative
"E-Paper | December 09, 2025",dawn,2025-12-09,neutral
Subscribe to notifications,dawn,2025-12-09,neutral
"PM Shehbaz hails â€˜extremely productive, gratifyingâ€™ talks with Indonesian president",dawn,2025-12-09,neutral
Indonesian President Subianto arrives in Islamabad on 2-day maiden visit,dawn,2025-12-09,negative
Indonesian president to arrive in Pakistan for 2-day visit,dawn,2025-12-09,neutral
Slew of MoUs on the cards for Indonesian presidentâ€™s visit,dawn,2025-12-09,neutral
IMF sees Pakistan stepping back from default risk,dawn,2025-12-09,negative
7 injured as 6 trailer trucks collide on Multan-Sukkur Motorway due to fog: Rescue 1122,dawn,2025-12-09,neutral
1 injured after unknown assailants open fire on Senator Khurram Zeeshanâ€™s in-lawsâ€™ home in Peshawar,dawn,2025-12-09,negative
"Transparency International survey says police, tender and procurement, judiciary most corrupt sectors",dawn,2025-12-09,neutral
"After Texas, Florida also declares Muslim advocacy group CAIR foreign terrorist organisation",dawn,2025-12-09,negative
Thailand-Cambodia fighting spreads along contested border,dawn,2025-12-09,negative
PTI threatens to shun NA if cornered; speaker reiterates offer to mediate between govt and party,dawn,2025-12-09,negative
HEC backs KU findings in Justice Jahangiriâ€™s degree case,dawn,2025-12-09,neutral
RSF says Israel killed highest number of journalists again this year,dawn,2025-12-09,negative
What We Know So Far: Inside Beninâ€™s Failed Coup Attempt,dawn,2025-12-09,negative
Gaza Ceasefire Explained: What Happens Next?,dawn,2025-12-09,negative
Border Closures & Big Shifts: The Pakistanâ€“Afghanistan Economic Story,dawn,2025-12-09,neutral
How Unchecked Population Is Breaking Pakistanâ€™s Economy,dawn,2025-12-09,neutral
"No Asylum, No Green Cards: Inside Trumpâ€™s Immigration Crackdown",dawn,2025-12-09,neutral
Ceasefire or Cover-Up? Why Amnesty Says Gaza Genocide Continues,dawn,2025-12-09,negative
Can Trump Really Cancel â€˜Third Worldâ€™ Immigration?,dawn,2025-12-09,neutral
The open manhole that laid bare Karachiâ€™s systemic rot,dawn,2025-12-09,neutral
A new confrontation is brewing between the establishment and PTI,dawn,2025-12-09,positive
The emotional cost of feeling unseen at work,dawn,2025-12-09,neutral
Rahul Gandhiâ€™s Cinderella challenge,dawn,2025-12-09,neutral
Dozens of young Bangladeshi men are said to be fighting for extremist outfits like TTP,dawn,2025-12-09,negative
"Cinema, AI, and the art of choosing roles: Adrien Brody and Dakota Johnson open up at Red Sea Film Fest",dawn,2025-12-09,neutral
Rekha relives Umrao Jaan in living colour at Red Sea International Film Festival in Jeddah,dawn,2025-12-09,neutral
Editorial: Govtâ€™s attempt to attribute fiscal woes to NFC Award attempt to obscure problems embedded in federal structure,dawn,2025-12-09,neutral
â€˜Where the journey beganâ€™: Arshad comes a full circle at National Games,dawn,2025-12-09,neutral
"One Battle After Another, Sentimental Value lead Golden Globe nominations, The Voice of Hind Rajab receives nod",dawn,2025-12-09,positive
Paramount counters Netflix with hostile bid for Warner Bros,dawn,2025-12-09,negative
The crisis no one sees: How climate change is rewriting childhood in Pakistan,dawn,2025-12-09,negative
Branded Content,dawn,2025-12-09,neutral
â€˜Cricketâ€™s future has a new addressâ€™: Capital Smart City unveils a new performance centre,dawn,2025-12-09,positive
Sting and Mercedes-AMG PETRONAS F1 Team: A global partnership announced like never before â€” by a Car,dawn,2025-12-09,neutral
Master Chery opens priority pre-booking registration for Pakistanâ€™s largest super PHEV lineup,dawn,2025-12-09,neutral
"FO rejects Indian foreign ministerâ€™s â€˜inflammatory, misleadingâ€™ remarks about Pakistanâ€™s armed forces",dawn,2025-12-09,positive
"YouTuber Ducky Bhai alleges physical, verbal abuse while in NCCIA custody",dawn,2025-12-09,neutral
Rupee to break Rs280 barrier against dollar,dawn,2025-12-09,positive
"Transporters press ahead with wheel-jam strike in Islamabad, Rawalpindi tomorrow despite administrationâ€™s appeal",dawn,2025-12-09,negative
"Pakistan, Indonesia sign seven MoUs to boost bilateral cooperation",tribune,2025-12-09,positive
Opp slams labeling politicians as 'security threat',tribune,2025-12-09,negative
Election Commission schedules Islamabad local polls for February 15,tribune,2025-12-09,negative
IHC issues stay order against CDA's operations in Muslim colony,tribune,2025-12-09,positive
Gohar urges NA speaker to calm tempers,tribune,2025-12-09,neutral
Red carpet rolled out for Indonesian president,tribune,2025-12-09,neutral
Gas cross-subsidy to end for domestic consumers by 2026,tribune,2025-12-09,neutral
"PPP, PML-N harden their stance against PTI",tribune,2025-12-09,positive
IMF approves $1.3 billion loan,tribune,2025-12-09,negative
FCC sends Evacuee Trust Property case back to LHC for rehearing,tribune,2025-12-09,neutral
"Islamabad High Court issues notices to federal government, HEC, and Karachi University",tribune,2025-12-09,negative
Pakistani celebrities stand with Ducky Bhai,tribune,2025-12-09,neutral
Israeli forces raid UN Palestinian refugee agency building in East Jerusalem,tribune,2025-12-09,neutral
"UCs to receive Rs100,000 monthly for manhole covers, streetlights",tribune,2025-12-09,neutral
Cop's son caught for car snatching in Karachi,tribune,2025-12-09,neutral
"PSX jumps 1,200 points on IMF loan hopes",tribune,2025-12-09,positive
Colours of Sindh flood the streets,tribune,2025-12-09,negative
UN decries global apathy in 2026 aid appeal,tribune,2025-12-09,neutral
Israeli spyware targets Pakistani human rights lawyer,tribune,2025-12-09,negative
Waseem vows fearless World Cup push,tribune,2025-12-09,negative
New comic book about Taylor Swift and Travis Kelce's relationship set to launch on singer's birthday,tribune,2025-12-09,positive
Giga Boutique Mall: Pakistanâ€™s new lifestyle destination,tribune,2025-12-09,positive
Chief of Defence Forces,tribune,2025-12-09,neutral
"Gold prices climb again in local, international markets",tribune,2025-12-09,positive
How flawed LNG deals fuelled Pakistanâ€™s Rs2.6tr gas-sector meltdown,tribune,2025-12-09,neutral
Ducky Bhai issues public apology after 100 days of silence,tribune,2025-12-09,neutral
Opposition Alliance warns of turning K-P into 'D-Chowk',tribune,2025-12-09,negative
Point of no return?,tribune,2025-12-09,neutral
CDF Field Marshal Asim Munir warns India of stronger response in future conflicts,tribune,2025-12-09,negative
"Chenab River surges as India releases dam water, flow hits 58,300 cusecs",tribune,2025-12-09,neutral
UK court orders Adil Raja to publicly apologise to retired Pak Army officer,tribune,2025-12-09,negative
E-Publications,tribune,2025-12-09,neutral
Spillovers of the patriarchal paradise,tribune,2025-12-09,neutral
World fisheries day: Balochistanâ€™s vanishing catch,tribune,2025-12-09,neutral
The big themes of 2026 cinema,tribune,2025-12-09,neutral
The YouTube show that sparked a nation,tribune,2025-12-09,neutral
How not to make a comeback film,tribune,2025-12-09,neutral
The brains we build and lose,tribune,2025-12-09,neutral
Balochi in the digital age: Inside the struggle to preserve a language,tribune,2025-12-09,neutral
Between Files and Melodies: The singing civil servant from Balochistan,tribune,2025-12-09,neutral
Zohran Mamdani: A Blueprint for the Future of Progressive Politics?,tribune,2025-12-09,positive
Tanzania crackdown on planned protest leaves streets deserted,bbc,2025-12-09,negative
Who has made Troy's Premier League team of the week?,bbc,2025-12-09,neutral
Why Alonso's chances of survival at Real Madrid are slim,bbc,2025-12-09,neutral
'Disgraceful' Salah comments caused 'carnage' - pundits,bbc,2025-12-09,neutral
Norris keen to 'live a normal few days' and 'forget I drive in F1',bbc,2025-12-09,neutral
Hurts loses ball twice on same play as Eagles beaten,bbc,2025-12-09,neutral
The BBC is in multiple languages,bbc,2025-12-09,neutral
NCCIA senior official removed over â€˜complaintsâ€™,dawn,2025-12-09,neutral
Afghan flare-up,dawn,2025-12-09,neutral
Civil discourse,dawn,2025-12-09,neutral
Pakistan to sell excess gas in international markets from January 1: petroleum minister,dawn,2025-12-09,neutral
"Journalists, PTI leader declared absconders",dawn,2025-12-09,positive
Turning point for business climate,dawn,2025-12-09,neutral
"PTI under fire as political figures show solidarity with armed forces, assail party for alleged conspiracy",dawn,2025-12-09,negative
"Equipment, weapons left behind by US in Afghanistan now form core of Talibanâ€™s security apparatus: watchdog",dawn,2025-12-09,negative
Indiaâ€™s â€˜new normalâ€™ doctrine destabilises nuclear South Asia: CISS,dawn,2025-12-09,positive
Beyond the notification storm,dawn,2025-12-09,neutral
Pakistan establishes first lab for solar modules,dawn,2025-12-09,neutral
"Centreâ€™s own spending rises amid austerity, restructuring",dawn,2025-12-09,neutral
45 arrested as citizens clash with police during Sindh Culture Day rally,dawn,2025-12-09,negative
New internal security order,dawn,2025-12-09,positive
PTIâ€™s future assessed at Jati Umra huddle,dawn,2025-12-09,neutral
"UK universities restrict recruitment of Pakistani, Bangladeshi students",dawn,2025-12-09,negative
Victimsâ€™ families pardon IHC judgeâ€™s son in hit-and-run case,dawn,2025-12-09,negative
"â€˜Imran Khan not a security threatâ€™: PTI deplores â€˜ridiculousâ€™ allegations, laments democracyâ€™s backward slide",dawn,2025-12-09,negative
Tempest in a teacup,dawn,2025-12-09,neutral
"Pakistan, US agree to intensify cooperation on security, immigration",dawn,2025-12-09,neutral
Rahulâ€™s Cinderella challenge,dawn,2025-12-09,neutral
Stalemate continues,dawn,2025-12-09,neutral
A federal kangaroo,dawn,2025-12-09,neutral
Superpower China?,dawn,2025-12-09,neutral
An unsettled world in 2026,dawn,2025-12-09,neutral
Rising fiscal strain,dawn,2025-12-09,neutral
Partners in health,dawn,2025-12-09,neutral
American leftovers,dawn,2025-12-09,neutral
Reviving Basant,dawn,2025-12-09,neutral
Shifting priorities,dawn,2025-12-09,neutral
MEGA worries,dawn,2025-12-09,neutral
Darkness for women,dawn,2025-12-09,neutral
Population growth puts strain on Pakistanâ€™s water resources: ADB,dawn,2025-12-09,positive
PM okays power projects for GB and Gwadar,dawn,2025-12-09,neutral
2 power firms fined for failing to avert blackout,dawn,2025-12-09,negative
Sugar prices start easing as cane crushing picks up momentum,dawn,2025-12-09,neutral
Exports to five central Asian states contract,dawn,2025-12-09,neutral
"Nine-year-old Kainat defies heat and logic with National Games 10,000m bronze",dawn,2025-12-09,neutral
â€˜Cherry on topâ€™: Noreen Hussain secures homecoming gold at National Games,dawn,2025-12-09,neutral
"Javelin star Arshad Nadeem rouses crowd, wins gold at National Games",dawn,2025-12-09,positive
"Suryakumar declares Gill, Pandya fit for South Africa T20 series opener",dawn,2025-12-09,negative
Shakib wants home farewell series before ending career,dawn,2025-12-09,neutral
Owners fled after nightclub blaze killed 25 in Indiaâ€™s Goa: police,dawn,2025-12-09,negative
Japan lifts tsunami warning after 7.5-magnitude earthquake,dawn,2025-12-09,negative
European allies back Zelensky after Trump criticism,dawn,2025-12-09,neutral
Going back in time on the banks of the Indus,dawn,2025-12-09,negative
The rise and ruin of Keti Bunder,dawn,2025-12-09,neutral
How humans can control risks arising from AI,dawn,2025-12-09,negative
Explainer: How Netflix won Hollywoodâ€™s biggest prize,dawn,2025-12-09,neutral
EU hits Muskâ€™s X with 120m euro fine,dawn,2025-12-09,neutral
URDUâ€™S BATTLE BETWEEN NASKH AND NASTALEEQ,dawn,2025-12-09,neutral
MILITANCY: BANGLADESHâ€™S MILITANT PIPELINE TO PAKISTAN,dawn,2025-12-09,negative
TENNIS: THE GOAT OF PAK TENNIS,dawn,2025-12-09,neutral
SPOTLIGHT: WHERE THE STREET KNOWS YOUR NAME,dawn,2025-12-09,neutral
THE GRAPEVINE,dawn,2025-12-09,neutral
COMPANY NEWS,dawn,2025-12-09,positive
"CORPORATE WINDOW: Rising imports, burning reserves",dawn,2025-12-09,positive
Dovetailing economic growth with stability,dawn,2025-12-09,positive
Wonder Craft: Paper cup dustbin,dawn,2025-12-09,neutral
Story time : Turning point,dawn,2025-12-09,neutral
Story time : Spread awareness,dawn,2025-12-09,negative
Thanking the ones who made the journey worth it,dawn,2025-12-09,neutral
The journey from the first to the last over the past 27 years,dawn,2025-12-09,neutral
The book of advertising,dawn,2025-12-09,neutral
Nvidia welcomes approval to ship H200 chips to China,dawn,2025-12-09,neutral
China seen through a Ukrainian lens,dawn,2025-12-09,neutral
From concept to action,dawn,2025-12-09,neutral
Mbappe face Haaland in UCL showdown,tribune,2025-12-09,neutral
Bureaucracy in the Amazon,tribune,2025-12-09,neutral
How Sindh police is driving change,tribune,2025-12-09,neutral
How KPâ€™s privately run museums are preserving pashtun heritage,tribune,2025-12-09,neutral
Afghan girls who defied the odds,tribune,2025-12-09,neutral
Ghost commitments: Pakistanâ€™s child rights crisis,tribune,2025-12-09,negative
"Hungry mothers and dirty wards - maternity care 'much worse' than anticipated, review chief says",bbc,2025-12-09,negative
Branding and logo for Great British Railways unveiled,bbc,2025-12-09,positive
Flu season has come early - should you buy a vaccine this year?,bbc,2025-12-09,neutral
"Ben & Jerry's brand could be destroyed under Magnum, says co-founder",bbc,2025-12-09,negative
Nothing beats it - can you guess what's been named TikTok's UK song of the year?,bbc,2025-12-09,neutral
Does Scotland's 'Instagram Highway' need a reboot?,bbc,2025-12-09,neutral
"Living off grid is not a dream, it's a nightmare",bbc,2025-12-09,neutral
Christmas shoppers turn to AI for those hard-to-buy-for people,bbc,2025-12-09,neutral
The Papers: 'A critical moment' for Ukraine and 'Southport families' courage',bbc,2025-12-09,neutral
Fines issued after disabled bay painted around car while owner was on holiday,bbc,2025-12-09,negative
Bishop accused of bullying faces fresh misconduct claims,bbc,2025-12-09,neutral
Sweaty Betty in new dispute over ad slogans,bbc,2025-12-09,neutral
Gran punched by pregnant attacker at funeral disgusted at sentence,bbc,2025-12-09,negative
BBC News app,bbc,2025-12-09,positive
Trump v Europe?,bbc,2025-12-09,neutral
Has Trump just made the US/Europe breakup official?,bbc,2025-12-09,neutral
The story of Britainâ€™s biggest mass poisoning,bbc,2025-12-09,neutral
How a high-flyerâ€™s charm became a tool of deception,bbc,2025-12-09,neutral
Voting open for World Sport Star of the Year - meet the contenders,bbc,2025-12-09,neutral
ECP announces schedule for LG polls in Islamabad,dawn,2025-12-09,negative
PTI threatens to shun assembly if cornered,dawn,2025-12-09,negative
HEC backs KU findings in judgeâ€™s degree case,dawn,2025-12-09,neutral
Pakistan to receive $64.9m under $33bn UN humanitarian appeal,dawn,2025-12-09,neutral
"Karachiâ€™s 246 UCs to get Rs100,000 per month for manhole lids, lights",dawn,2025-12-09,neutral
"IBCC decides to remove bar of arts, science for admissions at Inter level",dawn,2025-12-09,neutral
PTI says â€˜minus-Imranâ€™ formula recipe for political turmoil,dawn,2025-12-09,neutral
Full house witnesses Justice Aurangzebâ€™s elevation to Supreme Court,dawn,2025-12-09,negative
Pakistan did not benefit from PTI â€˜projectâ€™: Aqeel Malik,dawn,2025-12-09,positive
"Punjab transporters call off wheel-jam strike after talks with provincial govt, â€˜acceptance of demandsâ€™",dawn,2025-12-09,negative
Punjab Safe Cities Authority seeks cybercrime help after attempts to defraud citizens with fake traffic fines,dawn,2025-12-09,positive
"Saudi Arabia, Qatar sign high-speed rail deal to link capitals",dawn,2025-12-09,neutral
IHC declares plea questioning legitimacy of Justice Tariq Mehmood Jahangiriâ€™s law degree maintainable,dawn,2025-12-09,neutral
Trump pleads not guilty to 34 felony counts,cnn,2025-12-09,neutral
Haberman reveals why Trump attacked judge and his family in speech,cnn,2025-12-09,negative
What to know about the Trump indictment on the eve of his court appearance,cnn,2025-12-09,negative
READ: Trump indictment related to hush money payment,cnn,2025-12-09,neutral
Russian authorities detain suspect over St. Petersburg cafe blast,cnn,2025-12-09,negative
Video shows moment of deadly explosion at cafe in Russia,cnn,2025-12-09,negative
"Wall Street Journal reporter Evan Gershkovich appeals against arrest, Russian state media says",cnn,2025-12-09,neutral
Suspected Chinese spy balloon was able to transmit information back to Beijing,cnn,2025-12-09,negative
Beijing promised to 'fight back' over Taiwan leader's US visit. But this time it has more to lose,cnn,2025-12-09,positive
"'Scary, cold, hungry and lonely': Volunteer soldier shares experience on front line",cnn,2025-12-09,neutral
The four astronauts NASA picked for the first crewed moon mission in 50 years,cnn,2025-12-09,neutral
French minister under fire for Playboy magazine cover,cnn,2025-12-09,negative
Why did Finland's PM lose? Reporter explains the key issue voters cared about,cnn,2025-12-09,neutral
Britain's pound is beating every other major currency this year,cnn,2025-12-09,neutral
Finland's Prime Minister Sanna Marin concedes election,cnn,2025-12-09,neutral
Hundreds of millions at risk from Chinese shopping app malware,cnn,2025-12-09,negative
The $500 billion beauty industry's 'green' ambitions are a patchwork at best. And they're falling short,cnn,2025-12-09,neutral
A new approach to a Covid-19 nasal vaccine shows early promise,cnn,2025-12-09,positive
Video shows moment man throws yogurt on two women in Iran,cnn,2025-12-09,neutral
"Israeli military veterans, a backbone of protest movement, vow to keep demonstrating",cnn,2025-12-09,negative
Erdogan's political fate may be determined by Turkey's Kurds,cnn,2025-12-09,neutral
Dogecoin jumps after Elon Musk replaces Twitter bird with Shiba Inu,cnn,2025-12-09,neutral
Micron Technology: China probes US chip maker for cybersecurity risks as tech tension escalates,cnn,2025-12-09,negative
Man rides out tornado inside van. See the footage,cnn,2025-12-09,neutral
"China Renaissance suspends trading, delays results after founder's disappearance",cnn,2025-12-09,neutral
HSBC's top execs face tense shareholders calling for a breakup,cnn,2025-12-09,neutral
Lawmaker speaks out about his struggle with depression,cnn,2025-12-09,neutral
CEOs are tired of being held responsible for gun regulation,cnn,2025-12-09,neutral
What pet cemeteries reveal about being human,cnn,2025-12-09,neutral
Scientists film deepest ever fish on seabed off Japan,cnn,2025-12-09,neutral
What OPEC's surprise oil cut means for gas prices,cnn,2025-12-09,neutral
Palestinian taxi driver recounts surviving attack by right-wing protesters,cnn,2025-12-09,negative
Giving Marjorie Taylor Greene a platform isn't good for America,cnn,2025-12-09,positive
These are the animals people most want to see photographed,cnn,2025-12-09,neutral
"Syrian refugee elected mayor of German town, years after fleeing war",cnn,2025-12-09,negative
"Study finds slightly higher risk of autism diagnosis in areas with more lithium in drinking water, but experts say more research is needed",cnn,2025-12-09,negative
"Kwame Brathwaite, photographer of 'Black is Beautiful' movement, dies at 85",cnn,2025-12-09,neutral
This boiled bag of offal is banned in the US. In Scotland it's a fine-dining treat,cnn,2025-12-09,negative
Musk's Twitter promised a purge of blue check marks. Instead he singled out the New York Times,cnn,2025-12-09,positive
See the world's deepest fish,cnn,2025-12-09,neutral
Emma Heming Willis shares family photos as daughter Mabel turns 11,cnn,2025-12-09,negative
Some fans whistle as Lionel Messi's name is announced as Paris Saint-Germain's season hits new low,cnn,2025-12-09,positive
Chelsea searches for new manager as Premier League breaks record for most sackings in a single season,cnn,2025-12-09,positive
See 'Star Wars' legend react to Acosta's Darth Vader impression,cnn,2025-12-09,negative
Angel Reese defends gesture directed towards Caitlin Clark after LSU national title win; calls out double standard after being 'unapologetically' her,cnn,2025-12-09,neutral
Teenage swimmer breaks two world records in four days,cnn,2025-12-09,neutral
The haunting Masters meltdown that changed Rory McIlroy's career,cnn,2025-12-09,neutral
A snowboarder got buried upside down in snow. See skier's quick reaction.,cnn,2025-12-09,neutral
2023 March Madness: Will UConn or San Diego State triumph in the national championship game that 'means everything?',cnn,2025-12-09,neutral
Shania Twain calls for equal pay and more diversity in country music,cnn,2025-12-09,neutral
Florida lists Muslim rights group CAIR a â€˜terror organisationâ€™,aljazeera,2025-12-09,negative
Millions of people in post-Assad Syria are still displaced,aljazeera,2025-12-09,negative
Israel remained leading killer of journalists in 2025: RSF,aljazeera,2025-12-09,negative
How much money will it take to rebuild Syria?,aljazeera,2025-12-09,negative
"Turkiye jails footballers Baltaci, Yandas pending trial in betting probe",aljazeera,2025-12-09,negative
Australiaâ€™s social media ban,aljazeera,2025-12-09,negative
Israel attacked Syria more than 600 times over the past year,aljazeera,2025-12-09,negative
"2025 on track to tie for second hottest year on record, EU monitor says",aljazeera,2025-12-09,neutral
Beninâ€™s real coup already happened under President Talon,aljazeera,2025-12-09,neutral
"Fernandes, Manchester United crush Wolves, go sixth on ladder",aljazeera,2025-12-09,neutral
Al Jazeera reports from Aceh Tamiang as flood survivors face new dangers,aljazeera,2025-12-09,negative
Death roll rises as renewed hostilities flare along Thai-Cambodia border,aljazeera,2025-12-09,neutral
Record numbers of Ukrainians desert army amid losses to Russia,aljazeera,2025-12-09,negative
Syrian people â€œwill not settle beforeâ€ justice is served,aljazeera,2025-12-09,negative
"Israelâ€™s ex-PM Ehud Barak and Epstein had close relationship, emails reveal",aljazeera,2025-12-09,neutral
Israel launches wave of air strikes in south Lebanon,aljazeera,2025-12-09,negative
"Attack kills six Pakistani soldiers, raises tension with Afghanistan",aljazeera,2025-12-09,negative
Analysis: Bangladeshâ€™s BNP seeks Hasinaâ€™s liberal mantle before elections,aljazeera,2025-12-09,negative
Woman linked to Trump Press Secretary Leavitt freed by immigration agency,aljazeera,2025-12-09,neutral
US court orders Trump admin to restore Rumeysa Ozturkâ€™s student status,aljazeera,2025-12-09,neutral
Cuba sentences ex-economy minister to life in prison for espionage,aljazeera,2025-12-09,negative
"Thailand-Cambodia live: Renewed fighting kills more civilians, soldiers",aljazeera,2025-12-09,negative
Satellite images show the scale of destruction from Asia floods,aljazeera,2025-12-09,negative
Honduras issues arrest warrant for ex-president Hernandez after US pardon,aljazeera,2025-12-09,negative
"Israel launches new wave of air attacks on Lebanon, straining fragile truce",aljazeera,2025-12-09,negative
Muhammad Hashir secures bronze for Pakistan at IJSO 2025,geo,2025-12-09,neutral
IHC declares Justice Jahangiri's 'invalid' degree case admissible,geo,2025-12-09,neutral
"Abbottabad woman doctor killed within hour of abduction, reveals DPO",geo,2025-12-09,negative
"Pakistan, Indonesia sign wide-ranging agreements to bolster cooperation",geo,2025-12-09,positive
ECP announces to hold LG polls in Islamabad on February 15,geo,2025-12-09,negative
KP risks governor's rule if provincial govt resists cooperation: Kundi,geo,2025-12-09,negative
"TIP NCPS 2025 finds economy stable; police, tendering seen as most corrupt",geo,2025-12-09,neutral
"PML-N hasn't sidelined Nawaz Sharif, says Aqeel Malik",geo,2025-12-09,neutral
New USEFP building symbolises 'spirit of collaboration' in Pak-US educational ties: minister,geo,2025-12-09,positive
Cannot rule out treason case against PTI founder: PM's aide,geo,2025-12-09,positive
"Per capita water availability declines amid population surge, NA told",geo,2025-12-09,neutral
"Punjab IG places province on high alert, directs sweep and combing operations",geo,2025-12-09,neutral
7-year-old dies in South Waziristan due to 'lack of facilities' in govt hospital,geo,2025-12-09,neutral
Minister warns 'one prisoner' may be transferred if Adiala inmates 'endangered',geo,2025-12-09,negative
'Think about democracy': Gohar dismisses 'minus-Imran' notion,geo,2025-12-09,neutral
Indonesian President Subianto arrives in Islamabad on two-day maiden visit,geo,2025-12-09,negative
"Pakistan's response will be 'more severe' next time, CDF warns India at GHQ ceremony",geo,2025-12-09,negative
12 suspected terrorists linked to Indian spy agency RAW arrested in Punjab raids: CTD,geo,2025-12-09,negative
Transporters 'end strike' as Punjab govt 'halts' implementation of heavy fines,geo,2025-12-09,negative
"Small provinces will 'definitely' be formed, says minister",geo,2025-12-09,negative
Ù„Ø§ÛÙˆØ± Ù…ÛŒÚº Ù„Ø§ÙˆØ§Ø±Ø« Ù…ÛŒØªÙˆÚº Ú©ÛŒ ØªØ¯ÙÛŒÙ† Ø³Ù†Ú¯ÛŒÙ† Ø§Ù†ØªØ¸Ø§Ù…ÛŒ Ù…Ø³Ø¦Ù„Û Ø¨Ù†Ù†Û’ Ù„Ú¯ÛŒ,express,2025-12-09,neutral
Ø§ÙØºØ§Ù†Ø³ØªØ§Ù†: Ø¨Ø±Ø·Ø§Ù†ÙˆÛŒ Ø³ÛŒØ±ÛŒØ² Ù¾ÛŒÚ©ÛŒ Ø¨Ù„Ø§Ø¦Ù†ÚˆØ±Ø² Ø³Û’ Ù…ØªØ§Ø«Ø±Û Ù„Ø¨Ø§Ø³ Ù¾ÛÙ†Ù†Û’ Ù¾Ø± Ú†Ø§Ø±Â Ù†ÙˆØ¬ÙˆØ§Ù† Ú¯Ø±ÙØªØ§Ø±,express,2025-12-09,neutral
Ø³Ù†Ø¯Ú¾ ÛØ§Ø¦ÛŒÚ©ÙˆØ±Ù¹ Ø¢Ø¦ÛŒÙ†ÛŒ Ø¨ÛŒÙ†Ú† Ú©Ø§ Ø¨ÛŒ Ø¢Ø± Ù¹ÛŒ Ù…Ù†ØµÙˆØ¨Û’ Ú©ÛŒ ØªØ¹Ù…ÛŒØ± Ù…ÛŒÚº ØªØ§Ø®ÛŒØ± Ú©ÛŒØ®Ù„Ø§Ù Ø¯Ø±Ø®ÙˆØ§Ø³Øª Ú©ÛŒ Ø³Ù…Ø§Ø¹Øª Ø³Û’ Ø§Ù†Ú©Ø§Ø±,express,2025-12-09,neutral
Ù¾ÛŒ Ù¾ÛŒ Ù¾ÛŒ Ú†ÛŒØ¦Ø±Ù…ÛŒÙ† Ø¨Ù„Ø§ÙˆÙ„ Ø¨Ú¾Ù¹Ùˆ Ú©Ø§ Ø´ÛØ±ÛŒÙˆÚº Ú©Û’ Ù…Ø³Ø§ÙˆÛŒ Ø­Ù‚ÙˆÙ‚ Ú©Û’ Ù„ÛŒÛ’ ØºÛŒØ±Ù…ØªØ²Ù„Ø²Ù„ Ø¹Ø²Ù… Ú©Ø§ Ø§Ø¸ÛØ§Ø±,express,2025-12-09,neutral
Ù†ÛŒØ´Ù†Ù„ Ú¯ÛŒÙ…Ø² Ù…ÛŒÚº Ø¯ÙØ§Ø¹ÛŒ Ú†ÛŒÙ…Ù¾Ø¦Ù† Ù¾Ø§Ú©Ø³ØªØ§Ù† Ø¢Ø±Ù…ÛŒ Ú©ÛŒ Ø³Ø¨Ù‚Øª Ø¬Ø§Ø±ÛŒ,express,2025-12-09,neutral
Ø§ÛŒÙ† Ø³ÛŒ Ø³ÛŒ Ø¢Ø¦ÛŒ Ø§Û’ Ù…ÛŒØ±ÛŒ Ø§Ù„ÛŒÚ©Ù¹Ø±Ø§Ù†Ú© ÚˆÛŒÙˆØ§Ø¦Ø³Ø²ØŒ Ù…ÙˆØ¨Ø§Ø¦Ù„ØŒ Ú©Ø±ÛŒÚˆÙ¹ Ú©Ø§Ø±ÚˆØ²ØŒ Ø±Ù‚Ù…Â ÙˆØ§Ù¾Ø³ Ø¯Û’ØŒ ÚˆÚ©ÛŒ Ø¨Ú¾Ø§Ø¦ÛŒ,express,2025-12-09,neutral
Ù…Ø¦ÛŒØ± Ú©Ø±Ø§Ú†ÛŒ Ù†Û’ Ø³Ø±Ø¬Ø§Ù†ÛŒ Ù¹Ø§ÙˆÙ† Ø³Ù…ÛŒØª Ù…Ø®ØªÙ„Ù Ø¹Ù„Ø§Ù‚ÙˆÚº Ù…ÛŒÚº ØªØ±Ù‚ÛŒØ§ØªÛŒ Ù…Ù†ØµÙˆØ¨ÙˆÚº Ú©Ø§ Ø§ÙØªØªØ§Ø­ Ú©Ø±Ø¯ÛŒØ§,express,2025-12-09,neutral
Ø§Ø³Ù„Ø§Ù… Ø¢Ø¨Ø§Ø¯ Ú©Û’ Ø¨Ù„Ø¯ÛŒØ§ØªÛŒ Ø§Ù†ØªØ®Ø§Ø¨Ø§Øª Ú©Ø§ Ø´ÛŒÚˆÙˆÙ„ Ø¬Ø§Ø±ÛŒ,express,2025-12-09,neutral
ÙˆØ²ÛŒØ±Ø§Ø¹Ù„ÛŒÙ° Ø®ÛŒØ¨Ø± Ù¾Ø®ØªÙˆÙ†Ø®ÙˆØ§ Ú©ÛŒ Ø²ÛŒØ± ØµØ¯Ø§Ø±Øª Ú©Ø§Ø¤Ù†Ù¹Ø± Ù¹ÛŒØ±Ø§Ø±Ø²Ù… ÚˆÛŒÙ¾Ø§Ø±Ù¹Ù…Ù†Ù¹ Ú©Ø§ Ø§ÛÙ… Ø§Ø¬Ù„Ø§Ø³,express,2025-12-09,neutral
Ø³ÙˆÙ†Û’ Ú©ÛŒ Ù‚ÛŒÙ…Øª Ù…ÛŒÚº Ø§Ù“Ø¬ Ú©Ù…ÛŒ Ø±ÛŒÚ©Ø§Ø±ÚˆØŒ ÙÛŒ ØªÙˆÙ„Û Ú©ØªÙ†Û’ Ú©Ø§ ÛÙˆÚ¯ÛŒØ§ØŸ,express,2025-12-09,neutral
ÙˆÛŒØ±Ø§Øª Ú©ÙˆÛÙ„ÛŒ Ù†Û’ 933 Ú©Ø±ÙˆÚ‘ Ø±ÙˆÙ¾Û’ Ø³Û’ Ø²Ø§Ø¦Ø¯ Ú©ÛŒ Ø¢ÙØ± Ú©ÛŒÙˆÚº Ù¹Ú¾Ú©Ø±Ø§Ø¦ÛŒØŸ ÙˆØ¬Û Ø³Ø§Ù…Ù†Û’ Ø¢Ú¯Ø¦ÛŒ,express,2025-12-09,neutral
Ø¨Ø±Ú¯Ø± Ú©Û’ Ø±ÛŒÙ¹ Ù¾Ø± Ù…Ø¹Ù…ÙˆÙ„ÛŒ ØªÙ„Ø® Ú©Ù„Ø§Ù…ÛŒØŒ Ù…Ù„Ø²Ù…Ø§Ù† Ù†Û’ Ø¯Ú©Ø§Ù† Ú©Ø§ Ú©Ø§Ø¤Ù†Ù¹Ø± Ø§ÙˆØ± Ø´ÛŒØ´Û ØªÙˆÚ‘ Ø¯ÛŒØ§ØŒ Ù…Ù‚Ø¯Ù…Û Ø¯Ø±Ø¬,express,2025-12-09,neutral
Ø¨Ø§ÛŒÙˆ Ú¯ÛŒØ³ Ù¾Ø± Ú†Ù„Ù†Û’ ÙˆØ§Ù„ÛŒ Ø¨Ø³ÙˆÚº Ú©ÛŒ Ø®Ø±ÛŒØ¯Ø§Ø±ÛŒ Ú©Ø§ Ø¹Ù…Ù„ Ø¨Ø§Ø¶Ø§Ø¨Ø·Û Ø´Ø±ÙˆØ¹ Ú©ÛŒØ§ Ø¬Ø§ Ø±ÛØ§ ÛÛ’ØŒ Ø´Ø±Ø¬ÛŒÙ„ Ù…ÛŒÙ…Ù†,express,2025-12-09,neutral
Ø¹Ù…Ø±Ø§Ù† Ø®Ø§Ù† Ø³Û’ Ù…Ù„Ø§Ù‚Ø§Øª Ú©Ø§ Ø¯Ù†ØŒ Ø§ÚˆÛŒØ§Ù„Û Ø¬ÛŒÙ„ Ú©Û’ Ø§Ø·Ø±Ø§Ù ØºÛŒØ± Ù…Ø¹Ù…ÙˆÙ„ÛŒ Ø³ÛŒÚ©ÙˆØ±Ù¹ÛŒØŒ Ú©Ø§Ø±ÙˆØ¨Ø§Ø± Ø§ÙˆØ±ØªØ¹Ù„ÛŒÙ…ÛŒ Ø§Ø¯Ø§Ø±Û’ Ø¨Ù†Ø¯,express,2025-12-09,neutral
Ù¾Ø§Ú©Ø³ØªØ§Ù† Ú©Û’ Ø¯Ø§Ø®Ù„ÛŒ Ù…Ø¹Ø§Ù…Ù„Ø§Øª Ù…ÛŒÚº Ø´ÙˆØ±Ø´ØŒ Ù†Ø¸Ø§Ù… Ú©Ùˆ Ù¾ÛŒÚ†Ú¾Û’ Ø¯Ú¾Ú©ÛŒÙ„Ø§ Ø¬Ø§ Ø±ÛØ§ ÛÛ’ØŒ Ø§Ø³Ù¾ÛŒÚ©Ø± Ù¾Ù†Ø¬Ø§Ø¨ Ø§Ø³Ù…Ø¨Ù„ÛŒ,express,2025-12-09,neutral
Ø´ÛØ± Ù…ÛŒÚº Ø³ÛŒ Ø³ÛŒ ÚˆÛŒ Ú©Û’ Ù¾Ø§Ù†Ú† Ù…Ø¨ÛŒÙ†Û Ù…Ù‚Ø§Ø¨Ù„Û’ØŒ Ù¾ÙˆÙ„ÛŒØ³ Ù…Ù‚Ø§Ø¨Ù„ÙˆÚº Ù…ÛŒÚº Ù¾Ø§Ù†Ú† Ø²ÛŒØ± Ø­Ø±Ø§Ø³Øª Ù…Ù„Ø²Ù…Ø§Ù† ÛÙ„Ø§Ú©,express,2025-12-09,neutral
Ø¨ÛØ±ÙˆØ² Ø³Ø¨Ø²ÙˆØ§Ø±ÛŒ Ù†Û’ Ù¾ÛÙ„ÛŒ Ø¨ÛŒÙˆÛŒ Ú©Û’ ÛÙˆØªÛ’ Ø¯ÙˆØ³Ø±ÛŒ Ø´Ø§Ø¯ÛŒ Ú©Ø±Ù†Û’ ÙˆØ§Ù„ÙˆÚº Ú©Ùˆ Ø¢Ú‘Û’ ÛØ§ØªÚ¾ÙˆÚº Ù„Û’ Ù„ÛŒØ§,express,2025-12-09,neutral
Ø­Ú©ÙˆÙ…ØªÙ Ù¾Ù†Ø¬Ø§Ø¨ Ù†Û’ Ú©ÛŒÙ†Ø³Ø± Ø§ÙˆØ± Ø¯Ù„ Ú©Û’ Ù…Ø±ÛŒØ¶ÙˆÚº Ú©Û’ Ø§Ø®Ø±Ø§Ø¬Ø§Øª Ú©Ø§ Ø¨ÙˆØ¬Ú¾ Ø§Ù¾Ù†Û’ Ø³Ø± Ù„Û’ Ù„ÛŒØ§,express,2025-12-09,neutral
Ø§ÛŒÙ…Ø±Ø¬Ù†Ø³ÛŒ Ø³Ø±ÙˆØ³ Ø§ÛŒÚ©Ù¹ 2006 Ù…ÛŒÚº ØªØ±Ø§Ù…ÛŒÙ… Ú©Ø§ Ø¨Ù„ Ù¾Ù†Ø¬Ø§Ø¨ Ø§Ø³Ù…Ø¨Ù„ÛŒ Ø³Û’ Ù…Ù†Ø¸ÙˆØ±,express,2025-12-09,neutral
ÙˆØ²ÛŒØ±Ø§Ø¹Ø¸Ù… Ú©Ø§ Ù¾Ø§Ú©Ø³ØªØ§Ù† Ù…ÛŒÚº Ú©Ø±Ù¾Ø´Ù† Ø³Û’ Ù…ØªØ¹Ù„Ù‚ Ø¹ÙˆØ§Ù…ÛŒ ØªØ§Ø«Ø±Ø§Øª Ù¾Ø± Ù…Ø¨Ù†ÛŒ Ø±Ù¾ÙˆØ±Ù¹ Ù¾Ø± Ø§Ø¸ÛØ§Ø± Ø§Ø·Ù…ÛŒÙ†Ø§Ù†,express,2025-12-09,neutral
Ø´ÛØ±ÛŒØª Ø³Û’ Ù…ØªØ¹Ù„Ù‚ Ø§ÙØºØ§Ù†ÛŒ Ø®Ø§ØªÙˆÙ† Ú©ÛŒ Ø¯Ø±Ø®ÙˆØ§Ø³Øª Ù¾Ø± Ø¹Ø¯Ù… Ù¾ÛŒØ´Ø±ÙØªØŒ ÚˆÛŒ Ø³ÛŒ Ú©Ùˆ ØªÙˆÛÛŒÙ† Ø¹Ø¯Ø§Ù„Øª Ú©Ø§ Ù†ÙˆÙ¹Ø³,express,2025-12-09,neutral
1971 Ú©ÛŒ Ø§ØµÙ„ Ú©ÛØ§Ù†ÛŒØŒ ØºØ§Ø²ÛŒ Ú©ÛŒ Ø²Ø¨Ø§Ù†ÛŒ: ØªÛØ§Ø± Ø¬ÛŒÙ„ Ú©ÛŒ Ø§Ø°ÛŒØªÙˆÚº Ø³Û’ Ù…Ø­Ø§Ø°Ù Ø¬Ù†Ú¯ ØªÚ©,express,2025-12-09,neutral
ÙˆØ²ÛŒØ± Ø¨Ù„Ø¯ÛŒØ§Øª Ø³Ù†Ø¯Ú¾ Ú©ÛŒÂ ÙˆØ±Ù„Úˆ Ø¨ÛŒÙ†Ú© Ù…Ø´Ù† Ú©Û’ ÙˆÙØ¯ Ø³Û’Â Ù…Ù„Ø§Ù‚Ø§ØªØŒ ØªØ±Ù‚ÛŒØ§ØªÛŒ Ù…Ù†ØµÙˆØ¨ÙˆÚº Ú©Ø§ Ø¬Ø§Ù¸Ø²Û,express,2025-12-09,neutral
Ù¾Ø§Ú©Ø³ØªØ§Ù† Ù…ÛŒÚº Ú¯ÙˆÚ¯Ù„ Ø³Ø±Ú† Ù…ÛŒÚº Ú©Ø±Ú©Ù¹ Ø¨Ø¯Ø³ØªÙˆØ± Ø³Ø±ÙÛØ±Ø³ØªØŒ Ú©Ø³ Ú©Ú¾Ù„Ø§Ú‘ÛŒ Ú©Ùˆ Ø²ÛŒØ§Ø¯Û Ø³Ø±Ú† Ú©ÛŒØ§ Ú¯ÛŒØ§ØŸ,express,2025-12-09,neutral
Ø§Ø³Ù„Ø§Ù… Ø¢Ø¨Ø§Ø¯ ÛØ§Ø¦ÛŒÚ©ÙˆØ±Ù¹ Ú©Ø§ Ú©Ú†ÛŒ Ø¢Ø¨Ø§Ø¯ÛŒ Ù…Ø³Ù„Ù… Ú©Ø§Ù„ÙˆÙ†ÛŒÂ Ù…ÛŒÚº Ø³ÛŒ ÚˆÛŒ Ø§Û’ Ø¢Ù¾Ø±ÛŒØ´Ù† Ø±ÙˆÚ©Ù†Û’ Ú©Ø§ Ø­Ú©Ù…,express,2025-12-09,neutral
Ø´Ú©Ø§Ø±Ù¾ÙˆØ±Ø› Ù¾ÙˆÙ„ÛŒØ³ Ù…Ù‚Ø§Ø¨Ù„Û’ Ù…ÛŒÚº 8 ÚˆØ§Ú©Ùˆ ÛÙ„Ø§Ú©ØŒ Ø®Ø§ØªÙˆÙ† ÚˆÛŒ Ø§ÛŒØ³ Ù¾ÛŒ Ø¨Ú¾ÛŒ Ø²Ø®Ù…ÛŒ,express,2025-12-09,neutral
Ø¹ÙˆØ§Ù… Ù†Û’ Ù¾Ù†Ø¬Ø§Ø¨ Ú©Û’ Ú©Ø§Ù„Û’ Ù†Ø¸Ø§Ù… Ú©Ùˆ Ù…Ø³ØªØ±Ø¯ Ú©Ø± Ø¯ÛŒØ§ ÛÛ’ØŒ Ø¬Ù…Ø§Ø¹Øª Ø§Ø³Ù„Ø§Ù…ÛŒ,express,2025-12-09,neutral
ÙˆØ²ÛŒØ± Ø§Ø¹Ù„ÛŒÙ° Ù¾Ù†Ø¬Ø§Ø¨ Ú©Ø§ Ø§Ù†Ø³Ø¯Ø§Ø¯ Ø¨Ø¯Ø¹Ù†ÙˆØ§Ù†ÛŒ Ú©Û’ Ø¹Ø§Ù„Ù…ÛŒ Ø¯Ù† Ù¾Ø±Ù¾ÛŒØºØ§Ù…,express,2025-12-09,neutral
Ù¾Ø§Ú©Ø³ØªØ§Ù† Ø§ÙˆØ± Ø§Ù†ÚˆÙˆÙ†ÛŒØ´ÛŒØ§ Ú©Û’ Ø¯Ø±Ù…ÛŒØ§Ù† Ù…Ø®ØªÙ„Ù Ø´Ø¹Ø¨ÙˆÚº Ù…ÛŒÚº ØªØ¹Ø§ÙˆÙ† Ú©Û’ Ù…Ø¹Ø§ÛØ¯ÙˆÚº Ø§ÙˆØ± Ù…ÙØ§ÛÙ…ØªÛŒ ÛŒØ§Ø¯Ø¯Ø§Ø´ØªÙˆÚº Ú©Ø§ ØªØ¨Ø§Ø¯Ù„Û,express,2025-12-09,neutral
ÙØ§Ø´Ø³Ù¹ Ù…ÙˆØ¯ÛŒ Ú©ÛŒ ØºØ§ØµØ¨ Ø¨Ú¾Ø§Ø±ØªÛŒ ÙÙˆØ¬ ÛÙ†Ø¯ÙˆØªÙˆØ§ Ú©Û’ Ø²ÛØ±ÛŒÙ„Û’ Ù†Ø¸Ø±ÛŒÛ Ù¾Ø± Ú©Ø§Ø±Ø¨Ù†Ø¯,express,2025-12-09,neutral
Ø¢Ø³Ù¹Ø±ÛŒÙ„ÙˆÛŒ Ù¹ÛŒÙ… Ú©Ø§ Ø¯ÙˆØ±Û Ù¾Ø§Ú©Ø³ØªØ§Ù†ØŒ Ø±ÛŒÚ©ÛŒ Ù¹ÛŒÙ… Ø§Ù†ØªØ¸Ø§Ù…Ø§Øª Ú©Ø§ Ø¬Ø§Ø¦Ø²Û Ù„ÛŒÙ†Û’ Ù„Ø§ÛÙˆØ± Ù¾ÛÙ†Ú† Ú¯Ø¦ÛŒ,express,2025-12-09,neutral
ÙˆÙØ§Ù‚ÛŒ Ø¢Ø¦ÛŒÙ†ÛŒ Ø¹Ø¯Ø§Ù„Øª Ù†Û’ Ù…ØªØ±ÙˆÚ©Û ÙˆÙ‚Ù Ø§Ø±Ø§Ø¶ÛŒ Ø³Û’ Ù…ØªØ¹Ù„Ù‚ Ù„Ø§ÛÙˆØ± ÛØ§Ø¦ÛŒÚ©ÙˆØ±Ù¹ Ú©Ø§ ÙÛŒØµÙ„Û Ú©Ø§Ù„Ø¹Ø¯Ù… Ú©Ø±Ø¯ÛŒØ§,express,2025-12-09,neutral
ØªÚ¾Ø§Ø¦ÛŒ Ù„ÛŒÙ†Úˆ Ø§ÙˆØ± Ú©Ù…Ø¨ÙˆÚˆÛŒØ§ Ú©Û’ Ø¯Ø±Ù…ÛŒØ§Ù† Ø§ÛŒÚ© Ø¨Ø§Ø± Ù¾Ú¾Ø± Ø¬Ú¾Ú‘Ù¾ÛŒÚº Ø´Ø±ÙˆØ¹,express,2025-12-09,neutral
ÛŒÙˆÙ†Ø§Ù† Ù…ÛŒÚº Ú©Ø³Ø§Ù†ÙˆÚº Ú©Û’ Ù…Ø¸Ø§ÛØ±Û’ Ø´Ø¯Øª Ø§Ø®ØªÛŒØ§Ø± Ú©Ø± Ú¯Ø¦Û’Û” Ù¾ÙˆÙ„ÛŒØ³ Ø§ÙˆØ± Ù…Ø¸Ø§ÛØ±ÛŒÙ† Ù…ÛŒÚº Ø´Ø¯ÛŒØ¯ Ø¬Ú¾Ú‘Ù¾ÛŒÚº,express,2025-12-09,neutral
Ø¬Ø³Ù¹Ø³ Ø·Ø§Ø±Ù‚ Ú©ÛŒ ÚˆÚ¯Ø±ÛŒ ØªÙ†Ø§Ø²Ø¹ Ú©ÛŒØ³Ø› Ø§ÛŒÚ† Ø§ÛŒ Ø³ÛŒ Ø±Ù¾ÙˆØ±Ù¹ Ùˆ Ø¬Ø§Ù…Ø¹Û Ú©Ø±Ø§Ú†ÛŒ Ú©Û’ Ø¬ÙˆØ§Ø¨ Ù…ÛŒÚº Ø§ÛÙ… Ø§Ù†Ú©Ø´Ø§ÙØ§Øª,express,2025-12-09,neutral
Ú©Û’ Ù¾ÛŒ Ø­Ú©ÙˆÙ…Øª Ø³Û’ ØªØ±Ù‚ÛŒ ÛŒØ§ÙØªÛ Ù…Ù…Ø§Ù„Ú© Ø¬ÛŒØ³Ø§ Ú¯ÙÚˆ Ú¯ÙˆÙØ±Ù†Ù†Ø³ Ù…Ø§ÚˆÙ„ Ø§Ù¾Ù†Ø§Ù†Û’ Ú©Ø§ Ù…Ø·Ø§Ù„Ø¨Û,express,2025-12-09,neutral
Ù†Ø¯Ø§ ÛŒØ§Ø³Ø± Ú©Û’ Ø¨ÛŒØ§Ù† Ù¾Ø± ÙÙˆÚˆ ÚˆÙ„ÛŒÙˆØ±ÛŒ Ø±Ø§Ø¦ÛŒÚˆØ±Ø² Ú©Ø§ Ø´Ø¯ÛŒØ¯ Ø§Ø­ØªØ¬Ø§Ø¬ØŒ Ù…Ø¹Ø§ÙÛŒ Ú©Ø§ Ù…Ø·Ø§Ù„Ø¨Û,express,2025-12-09,neutral
Ù¾Ø§Ú©Ø³ØªØ§Ù† Ú©ÙˆØ³Ù¹ Ú¯Ø§Ø±ÚˆØ² Ù†Û’ Ø§ÛŒÚ© Ù…Ø§Û Ù…ÛŒÚº 17 Ù„Ø§Ú©Ú¾ Ù„ÛŒÙ¹Ø± Ø³Û’ Ø²Ø§Ø¦Ø¯ Ø§ÛŒØ±Ø§Ù†ÛŒ ÚˆÛŒØ²Ù„ Ú©ÛŒ Ø§Ø³Ù…Ú¯Ù„Ù†Ú¯ Ù†Ø§Ú©Ø§Ù… Ø¨Ù†Ø§Ø¯ÛŒ,express,2025-12-09,neutral
Ø¨Ø±Ø·Ø§Ù†ÛŒÛ: 15 Ø³Ø§Ù„Û Ù„Ú‘Ú©ÛŒ Ú©Ùˆ Ø§ØºÙˆØ§ Ú©Ø±Ú©Û’ Ø¬Ù†Ø³ÛŒ Ø²ÛŒØ§Ø¯ØªÛŒ Ú©Ø§ Ù†Ø´Ø§Ù†Û Ø¨Ù†Ø§Ù†Û’ ÙˆØ§Ù„Û’ Ø§ÙØºØ§Ù† Ù†ÙˆØ¬ÙˆØ§Ù†ÙˆÚº Ú©Ùˆ Ø³Ø²Ø§ Ø³Ù†Ø§Ø¯ÛŒ Ú¯Ø¦ÛŒ,express,2025-12-09,neutral
Ø¬Ø¬ Ú©Û’ Ú†ÛŒÙ…Ø¨Ø± Ø³Û’ 2 Ø³ÛŒØ¨ Ø§ÙˆØ± Ø§ÛŒÚ© ÛÛŒÙ†Úˆ ÙˆØ§Ø´ Ú†ÙˆØ±ÛŒØŒ Ù…Ù‚Ø¯Ù…Û Ø¯Ø±Ø¬,express,2025-12-09,neutral
Ú©Ø§Ø±Ú©Ù†ÙˆÚº Ú©ÛŒ ØªØ±Ø³ÛŒÙ„Ø§Øª Ø²Ø± Ù…ÛŒÚº Ø³Ø§Ù„Ø§Ù†Û Ø¨Ù†ÛŒØ§Ø¯ÙˆÚº Ù¾Ø±Â Ù†ÙˆÙ…Ø¨Ø± Ú©Û’ Ø¯ÙˆØ±Ø§Ù†Â 9.4 ÙÛŒØµØ¯ Ø§Ø¶Ø§ÙÛ,express,2025-12-09,neutral
Ø§ÛŒØ³ Ø¢Ø¦ÛŒ Ø§ÛŒÙ Ø³ÛŒ Ú©ÛŒ Ø­Ú©Ù…Øª Ø¹Ù…Ù„ÛŒ Ø³Û’ Ù¾Ø§Ú©Ø³ØªØ§Ù† Ù…ÛŒÚº ØºÛŒØ± Ù…Ù„Ú©ÛŒ Ø³Ø±Ù…Ø§ÛŒÛ Ú©Ø§Ø±ÛŒ Ù…ÛŒÚº Ù†Ù…Ø§ÛŒØ§Úº Ø§Ø¶Ø§ÙÛ,express,2025-12-09,neutral
Ù¾Ù†Ø¬Ø§Ø¨ Ù…ÛŒÚº Ø´ÛØ±ÛŒÙˆÚº Ú©Ùˆ Ø¬Ø¹Ù„ÛŒ Ø§ÛŒ Ú†Ø§Ù„Ø§Ù† Ú©Û’ Ù…ÛŒØ³Ø¬Ø² Ù…ÙˆØµÙˆÙ„ ÛÙˆÙ†Û’ Ú©Ø§ Ø§Ù†Ú©Ø´Ø§Ù,express,2025-12-09,neutral
Ø¨Ù„ÙˆÚ†Ø³ØªØ§Ù† Ú©ÛŒ ØªØ±Ù‚ÛŒ Â Ø§ÙˆØ± Ù…Ø¹Ø§Ø´ÛŒ Ø®ÙˆØ´Ø­Ø§Ù„ÛŒ Ú©ÛŒÙ„Ø¦Û’ Ø§ÛŒÚ© Ø§ÙˆØ± Ø§ÛÙ… Ø³Ù†Ú¯ Ù…ÛŒÙ„,express,2025-12-09,neutral
Ù¾Ø§Ú©Ø³ØªØ§Ù† Ø¬Ù„Ø¯ Ù‚Ø±Ø¶ÙˆÚº Ø³Û’ Ù…Ú©Ù…Ù„ Ù†Ø¬Ø§Øª Ø­Ø§ØµÙ„ Ú©Ø±Ú©Û’ Ù…Ø¹Ø§Ø´ÛŒ Ø·ÙˆØ± Ù¾Ø± Ø®ÙˆØ¯ Ú©ÙÛŒÙ„ ÛÙˆÚ¯Ø§ØŒ ÙˆØ²ÛŒØ±Ø§Ø¹Ø¸Ù…,express,2025-12-09,neutral
Ø¬Ù†Øª Ù†Ø¸ÛŒØ± ÙˆØ§Ø¯ÛŒ Ø¢Ø²Ø§Ø¯ Ø¬Ù…ÙˆÚº Ùˆ Ú©Ø´Ù…ÛŒØ± Ù…ÛŒÚº Ù¾ÛŒ Ø§ÛŒØ³ Ø§ÛŒÙ„ Ú©Ø§ Ù…ÛŒØ¯Ø§Ù† Ø³Ø¬Ù†Û’ Ú©Ùˆ ØªÛŒØ§Ø±,express,2025-12-09,neutral
Ø¯ÛØ´ØªÚ¯Ø±Ø¯ÙˆÚº Ú©ÛŒ Ø§Ù“Ù…Ø§Ø¬Ú¯Ø§Û Ø§ÙØºØ§Ù†Ø³ØªØ§Ù† Ø³Ù†Ú¯ÛŒÙ† Ø®Ø·Ø±ÛØŒ Ù¾Ø§Ú©Ø³ØªØ§Ù† Ú©Û’ Ù…ÙˆÙ‚Ù Ú©ÛŒÂ Ø¹Ø§Ù„Ù…ÛŒ Ø³Ø·Ø­ Ù¾Ø± Ø­Ù…Ø§ÛŒØª,express,2025-12-09,neutral
Ø±ÙˆØ§Úº Ø³ÛŒØ²Ù† Ú©ÛŒÙ†Ùˆ Ú©ÛŒ Ø¨Ø±Ø¢Ù…Ø¯Ø§Øª Ú©Û’ Ù„ÛŒÛ’ ØªÛŒÙ† Ù„Ø§Ú©Ú¾ Ù¹Ù† Ú©Ø§ ÛØ¯Ù Ù…Ù‚Ø±Ø±,express,2025-12-09,neutral
Ù¾ÙˆÙ„ÛŒØ³ Ú©Ø§ Ù…Ù†Ø´ÛŒØ§Øª ÙØ±ÙˆØ´ÙˆÚº Ú©Û’ Ø®Ù„Ø§Ù Ø¨Ú‘Ø§ Ú©Ø±ÛŒÚ© ÚˆØ§Ø¤Ù†ØŒ 8 Ø³Ù¾Ù„Ø§Ø¦Ø±Ø² Ú¯Ø±ÙØªØ§Ø±,express,2025-12-09,neutral
Ø¨Ø¯Ø¹Ù†ÙˆØ§Ù†ÛŒ Ú©Ùˆ Ø®ØªÙ… Ú©Ø±Ù†Û’ Ú©Û’ Ù„Ø¦Û’ Ø§Ù‚Ø¯Ø§Ù…Ø§Øª Ú©Ùˆ Ù…Ø²ÛŒØ¯ Ù…Ø¤Ø«Ø± Ø¨Ù†Ø§Ø¦ÛŒÚº Ú¯Û’ØŒ Ø´ÛØ¨Ø§Ø² Ø´Ø±ÛŒÙ,express,2025-12-09,neutral
England and Spurs' Naz out for season with ACL injury,bbc_sport,2025-12-09,negative
Man Utd score four as winless Wolves booed,bbc_sport,2025-12-09,positive
Non-league Macclesfield to host holders Palace in FA Cup third round,bbc_sport,2025-12-09,neutral
'I understand their anger' - Edwards on Wolves fans' boos,bbc_sport,2025-12-09,negative
Shade scores hat-trick as Burton beat non-league Brackley,bbc_sport,2025-12-09,neutral
Amorim hails Mount after win at Wolves,bbc_sport,2025-12-09,positive
Villa could still go up another level - Sutton,bbc_sport,2025-12-09,negative
'Winning made everything worth it' - Norris on world title triumph,bbc_sport,2025-12-09,positive
Williamson to play for first time since Euro final,bbc_sport,2025-12-09,negative
Norris is 'only just getting going' - and rank British world champions,bbc_sport,2025-12-09,neutral
England's 'Bazball' message dead - Agnew column,bbc_sport,2025-12-09,neutral
Winless Wolves are breaking records - but how bad can things get?,bbc_sport,2025-12-09,neutral
Premier League pair eye Diomande - Tuesday's gossip,bbc_sport,2025-12-09,neutral
What did we learn from the Champions Cup's opening weekend?,bbc_sport,2025-12-09,neutral
All World Cup matches to have hydration breaks,bbc_sport,2025-12-09,neutral
England cannot have 'glass jaw' - McCullum,bbc_sport,2025-12-09,neutral
Injured Stuart a doubt for England's Six Nations campaign,bbc_sport,2025-12-09,negative
Rodgers keeps hopes alive but end of the line for Chiefs? Best of NFL week 14,bbc_sport,2025-12-09,positive
LIV hope for rankings 'solution' by 2026 season,bbc_sport,2025-12-09,positive
Bellamy hopes to renew feud with Canada's Marsch,bbc_sport,2025-12-09,positive
'Disrespectful' Salah comments threw club under bus - Rooney,bbc_sport,2025-12-09,neutral
Smith & Blackstenius star in WSL goals of the week,bbc_sport,2025-12-09,neutral
"'This is not my world championship, this is ours'",bbc_sport,2025-12-09,neutral
'Salah's put his team-mates in jeopardy' - Coady,bbc_sport,2025-12-09,neutral
'That's life' - Verstappen and Piastri react to missing out on title,bbc_sport,2025-12-09,neutral
How Norris achieved his lifetime's ambition by 'winning it my way',bbc_sport,2025-12-09,positive
The most iconic and explosive Premier League outbursts,bbc_sport,2025-12-09,neutral
Neymar needs surgery but 'might have saved World Cup',bbc_sport,2025-12-09,neutral
Batchelor ready to take on Balbali at PFL Lyon,bbc_sport,2025-12-09,neutral
Cheltenham race named in honour of Hunt Family Fund,bbc_sport,2025-12-09,neutral
2026 World Cup 'Pride Match' to feature Egypt and Iran,bbc_sport,2025-12-09,neutral
Aberdeen hope for 'big step forward' in stadium plan,bbc_sport,2025-12-09,neutral
Guehi scores late header to secure Crystal Palace win over Fulham,bbc_sport,2025-12-09,positive
Brighton equalise in stoppage time against West Ham,bbc_sport,2025-12-09,positive
Nine-man Real Madrid implode in home defeat to Celta Vigo,bbc_sport,2025-12-09,neutral
England soundly beaten by Australia in second Test drubbing,bbc_sport,2025-12-09,neutral
Watch the key moments as Selby beats Trump in UK Championship final,bbc_sport,2025-12-09,neutral
Everton end Chelsea's record breaking undefeated run,bbc_sport,2025-12-09,neutral
'Everyone follows fashion' - is Premier League better now than 20 years ago?,bbc_sport,2025-12-09,neutral
Salah is destroying his legacy - Rooney,bbc_sport,2025-12-09,negative
Dickens says he has been upgraded to world champion,bbc_sport,2025-12-09,positive
Joey Barton gets suspended sentence over X posts,bbc_sport,2025-12-09,neutral
All you need to know about Afcon 2025,bbc_sport,2025-12-09,neutral
Quiz: How well do you know F1 champion Norris?,bbc_sport,2025-12-09,neutral
"'Future of darts' - Lawrie, 15, denied world title",bbc_sport,2025-12-09,neutral
Rebrand for golf course named after former prince Andrew,bbc_sport,2025-12-09,neutral
Ruling on Cardiff's Sala court case against Nantes due in March,bbc_sport,2025-12-09,neutral
'He'll respond' - Smyth to make home NFL debut,bbc_sport,2025-12-09,neutral
"What led to the tragic death of Friends star, Matthew Perry?",bbc_sport,2025-12-09,negative
Prepare delicious Christmas gifts with Dame Mary Berry,bbc_sport,2025-12-09,neutral
'England in battle to avoid worst Ashes tour in modern times',bbc_sport,2025-12-09,negative
"Backed by his family, propelled by his talent - the rise of Norris",bbc_sport,2025-12-09,neutral
Nancy suffers nightmare debut as his Celtic challenge laid bare,bbc_sport,2025-12-09,negative
'A wonderful miracle' - how Messi & Beckham made Miami shine,bbc_sport,2025-12-09,positive
I want to come back to Premier League and win it this time - Pochettino,bbc_sport,2025-12-09,positive
"'I have to get it right, and not just for me' - UFC trailblazer Sanko",bbc_sport,2025-12-09,neutral
"Inside McLaren's season - the rules, values, incidents & relationships",bbc_sport,2025-12-09,neutral
England's AI World Cup masterplan - from perfecting penalties to powering players,bbc_sport,2025-12-09,neutral
'Raise hell' - the fastest bowler you might not have heard of,bbc_sport,2025-12-09,neutral
What next for friendly foes who see each other 'more than family'?,bbc_sport,2025-12-09,neutral
'It felt like God's hand on my brain' - the day England were humbled by teenager,bbc_sport,2025-12-09,neutral
The great number nine decline - where have England's strikers gone?,bbc_sport,2025-12-09,neutral
"Captain, player, manager, Mister, number one - Davids at Barnet",bbc_sport,2025-12-09,neutral
Ø§ÚˆÛŒØ§Ù„Û Ú©Ø§ Ù‚ÛŒØ¯ÛŒ Ø§Ù„Ø·Ø§Ù Ø­Ø³ÛŒÙ† Ù¾Ø§Ø±Ù¹ 2 Ø¨Ù† Ú†Ú©Ø§ ÛÛ’ØŒ Ø¹Ø¸Ù…ÛŒ Ø¨Ø®Ø§Ø±ÛŒ,express,2025-12-09,neutral
How Sandie Peggie ruling could lead to big changes for employers,bbc,2025-12-09,positive
ØµÙ†Ø¹ØªÛŒ Ùˆ Ø²Ø±Ø¹ÛŒ ØªØ±Ù‚ÛŒ Ú©Ø§ ÙØ±ÙˆØºØŒ Ø§Ø¶Ø§ÙÛŒ Ø¨Ø¬Ù„ÛŒ Ú©ÛŒ Ú©Ú¾Ù¾Øª Ù¾Ø± Ø±Ø¹Ø§ÛŒØªÛŒ Ù†Ø±Ø® Ù…Ù†Ø¸ÙˆØ±,express,2025-12-09,neutral
9 Ø¯Ø³Ù…Ø¨Ø± 1971 Ú©Ùˆ ÛÙ†Ú¯ÙˆØ± Ú©Û’ Ø¹Ù…Ù„Û’ Ù†Û’ Ø¬Ø§Ù†Ø¨Ø§Ø²ÛŒ Ú©ÛŒ Ø¯Ø±Ø®Ø´Ù†Ø¯ÛÂ ØªØ§Ø±ÛŒØ® Ø±Ù‚Ù… Ú©ÛŒØŒ ÙÛŒÙ„Úˆ Ù…Ø§Ø±Ø´Ù„,express,2025-12-09,neutral
Ø³Ù†Ø¯Ú¾ ÛØ§Ø¦ÛŒÚ©ÙˆØ±Ù¹ Ú©Û’ Ø§Ù“Ø¦ÛŒÙ†ÛŒ Ø¨Ù†Ú† Ù†Û’ Ù…ÙˆÙ†Ø³ Ø¹Ù„ÙˆÛŒ Ú©ÛŒ Ø§Ù¾ÛŒÙ„ Ù¾Ø± Ø³Ù…Ø§Ø¹Øª Ø³Û’ Ù…Ø¹Ø°Ø±Øª Ú©Ø±Ù„ÛŒ,express,2025-12-09,neutral
Ø®Ù„ÛŒÙ„ Ø§Ù„Ø±Ø­Ù…Ø§Ù† Ù‚Ù…Ø± ÙˆÛŒÚˆÛŒÙˆ Ú©ÛŒØ³ Ù…ÛŒÚº Ù†Ø¦ÛŒ Ù¾ÛŒØ´Ø±ÙØª Ø³Ø§Ù…Ù†Û’ Ø¢Ú¯Ø¦ÛŒ,express,2025-12-09,neutral
IHC declares plea questioning legitimacy of Justice Jahangiriâ€™s law degree maintainable,dawn,2025-12-09,neutral
Two charged over suspected Heathrow pepper spray attack,bbc,2025-12-09,negative
Ø¬Ø³Ù¹Ø³ Ø·Ø§Ø±Ù‚ Ù…Ø­Ù…ÙˆØ¯ Ø¬ÛØ§Ù†Ú¯ÛŒØ±ÛŒ Ú©ÛŒØ®Ù„Ø§Ù Ø¬Ø¹Ù„ÛŒ ÚˆÚ¯Ø±ÛŒ Ú©ÛŒØ³ Ù‚Ø§Ø¨Ù„ Ø³Ù…Ø§Ø¹Øª Ù‚Ø±Ø§Ø±ØŒ ÙØ±ÛŒÙ‚ÛŒÙ† Ú©Ùˆ Ù†ÙˆÙ¹Ø³ Ø¬Ø§Ø±ÛŒ,express,2025-12-09,neutral
Two charged over Heathrow suitcase robbery and suspected pepper spray attack,bbc,2025-12-09,negative
IHC declares plea on Justice Jahangiri's degree case admissible,geo,2025-12-09,neutral
Ù¾Ù†Ø¬Ø§Ø¨ Ø³Ù…Ø¨Ù„ÛŒ Ù…ÛŒÚº 6 Ø¨Ù„Ø² Ù…Ù†Ø¸ÙˆØ± Ú©Ø±Ù„ÛŒÛ’ Ú¯Ø¦Û’,express,2025-12-09,neutral
Chargers pull ahead in OT to defeat Eagles in tight MNF win,espn,2025-12-09,neutral
Hurts has 2 turnovers on 1 play amid 4-INT night,espn,2025-12-09,neutral
Bolts laud injured Herbert's gritty effort in OT win,espn,2025-12-09,neutral
Sources: Ailing Colts to work out retired QB Rivers,espn,2025-12-09,neutral
Sources: 4 LSU coaches rejoin Rebels for CFP run,espn,2025-12-09,neutral
Notre Dame AD: ACC caused 'permanent damage',espn,2025-12-09,negative
"Mendoza, Pavia, Love, Sayin in Heisman's final 4",espn,2025-12-09,positive
Sources: Gamecocks hiring TCU's Briles as OC,espn,2025-12-09,neutral
Harper spoils Queen's triple-double in rookie clash,espn,2025-12-09,neutral
ğŸˆ CFP to Pop-Tarts: Picking every bowl game,espn,2025-12-09,neutral
"Barnwell sorts through NFL playoff race chaos: Are the Colts, Chiefs and Ravens finished?",espn,2025-12-09,neutral
What do Week 14 games mean for the rest of the season?,espn,2025-12-09,neutral
Will Daniel Jones start for the Colts in '26? Is the front office safe? Key questions for Indy,espn,2025-12-09,neutral
"Wetzel: Relax, the CFP selection process is (mostly) working",espn,2025-12-09,neutral
"CFP Anger Index: An absurd farce over Notre Dame, Miami",espn,2025-12-09,neutral
Everything we know about the Heat's trade for Terry Rozier -- and whether he could be dealt again,espn,2025-12-09,positive
These five players could help decide unpredictable East,espn,2025-12-09,positive
The NHL's best this week: Terry Ryan and hockey dreams,espn,2025-12-09,positive
"MLB winter meetings updates, rumors and predictions: The latest buzz from Orlando",espn,2025-12-09,positive
Who has the most travel at 2026 World Cup? And why does it matter?,espn,2025-12-09,neutral
Men: New No. 1 after Purdue's shock loss,espn,2025-12-09,neutral
"Women: UConn stays top, Big Ten has nine spots",espn,2025-12-09,neutral
How each of the 12 College Football Playoff teams could win the national title,espn,2025-12-09,positive
First round first look: How all eight teams can win,espn,2025-12-09,positive
"A great night for Jeff Kent, but another stain on the Hall of Fame",espn,2025-12-09,positive
Free agents: Trevor Lawrence and Packers WRs among top options,espn,2025-12-09,neutral
"Buzz: Etienne, Pollard and Godwin among players who were getting the ball on Sunday",espn,2025-12-09,positive
What we know so far about Mo Salah's Liverpool future,espn,2025-12-09,neutral
Man City have history of overtaking Arsenal; will it happen again?,espn,2025-12-09,neutral
"In winning F1 title, Norris proves himself (and his doubters) wrong",espn,2025-12-09,positive
"Week 14 only added more chaos to the NFL playoff race -- ""a bookmaker's dream""",espn,2025-12-09,neutral
"Early Week 15 bets: Patriots over Bills, Lions to cover in shootout with Rams",espn,2025-12-09,negative
"QBs Cam Ward, Shedeur Sanders swap jerseys after Titans' victory",espn,2025-12-09,neutral
"'Birds aren't real': Chargers poke fun at Eagles after win, topping NFL Week 14 trolls",espn,2025-12-09,neutral
"Pickups: Ryan Nembhard, Quentin Grimes among players to add",espn,2025-12-09,neutral
UFC 323 fight grades: Why Dvalishvili-Yan wasn't the best fight on the card,espn,2025-12-09,neutral
"Transfer rumors, news: Neymar eyes Europe, MLS move for World Cup",espn,2025-12-09,positive
Nasa astronaut and cosmonauts return to Earth after 245 days in space,bbc_news,2025-12-09,neutral
Two charged over Heathrow 'pepper spray' attack,bbc_news,2025-12-09,negative
CNN values your feedback,cnn_news,2025-12-09,neutral
Around the world,cnn_news,2025-12-09,neutral
Middle East,cnn_news,2025-12-09,neutral
World in photos,cnn_news,2025-12-09,neutral
More of the latest stories,cnn_news,2025-12-09,neutral
Something Extra,cnn_news,2025-12-09,neutral
Architecture around the world,cnn_news,2025-12-09,neutral
Donald Trump â€œcan have an enormous influenceâ€ on Warner Bros buyout,aljazeera_news,2025-12-09,negative
DRC accuses Rwanda of peace deal violations as M23 advances in the east,aljazeera_news,2025-12-09,positive
Turkiye jails top-tier players pending trial in gambling probe,aljazeera_news,2025-12-09,negative
Fernandes double helps Man United to 4-1 win as Wolvesâ€™ misery continues,aljazeera_news,2025-12-09,positive
Content Feed,aljazeera_news,2025-12-09,neutral
â€˜Number of our deserters is too highâ€™: Ukrainians flee fight against Russia,aljazeera_news,2025-12-09,neutral
"â€˜No space for diplomacy,â€™ says Thailand after deadly Cambodia clashes",aljazeera_news,2025-12-09,negative
The Take: Is New Delhiâ€™s toxic smog making the city unliveable?,aljazeera_news,2025-12-09,positive
Our Channels,aljazeera_news,2025-12-09,neutral
Our Network,aljazeera_news,2025-12-09,neutral
"Salah's omission from Inter game is a consequence of his actions, says Becker",tribune_news,2025-12-09,neutral
"Babar Azam, Shaheen Afridi touch down in Australia for BBL 15",tribune_news,2025-12-09,neutral
Hazlewood ruled out of Ashes,tribune_news,2025-12-09,neutral
Depleted NZ to meet upbeat WI in Wellington,tribune_news,2025-12-09,neutral
"Pakistan aims to export 300,000 tonnes of oranges after record harvest",tribune_news,2025-12-09,neutral
Punjab alerts public to widespread fake e-challan SMS scam,tribune_news,2025-12-09,neutral
IHC issues notices in Jehangiri degree scandal,tribune_news,2025-12-09,neutral
Three things to watch ahead of the 2026 F1 season,tribune_news,2025-12-09,neutral
Man Utd back on track after Fernandes inspires Wolves rout,tribune_news,2025-12-09,neutral
Pulisic quick-fire double sends AC Milan top of Serie A,tribune_news,2025-12-09,negative
Palmer misses Chelsea's Champions League clash with Atalanta,tribune_news,2025-12-09,neutral
Slot has 'no clue' whether Salah has played last Liverpool game,tribune_news,2025-12-09,neutral
"Pakistan is invincible, says CDF Asim Munir",tribune_news,2025-12-09,neutral
Powerful 7.6 quake strikes off Japan,tribune_news,2025-12-09,negative
Imran's jail condition:PTI agrees to form panel,tribune_news,2025-12-09,negative
European allies back Zelensky,tribune_news,2025-12-09,neutral
CM seeks further delay in Quetta LG polls,tribune_news,2025-12-09,neutral
"KSA, Qatar sign high-speed rail deal",tribune_news,2025-12-09,neutral
Man cuts off wife's hair for property,tribune_news,2025-12-09,neutral
Women Protection Center wraps up 16-day anti-violence campaign,tribune_news,2025-12-09,negative
"Gridlocks, overloadded vehicles choke Depalpur",tribune_news,2025-12-09,neutral
Punjab police ramp up counterterror measures,tribune_news,2025-12-09,negative
"LHC expands kite-flying case, adds WCLA DG",tribune_news,2025-12-09,neutral
Man shot near Data Darbar,tribune_news,2025-12-09,neutral
Drone helps douse stubble fire,tribune_news,2025-12-09,neutral
Cams to be installed outside schools,tribune_news,2025-12-09,neutral
Transporters call off strike in Punjab,tribune_news,2025-12-09,negative
Winter household gas supply 'up 26%',tribune_news,2025-12-09,positive
Revenue collection grows 27% to Rs12tr,tribune_news,2025-12-09,neutral
Industrial tariff hike 'disastrous' for exports,tribune_news,2025-12-09,neutral
UAE to expand LNG exports,tribune_news,2025-12-09,neutral
Gold surges tracking global market gains,tribune_news,2025-12-09,positive
Government targets informal sector as NestlÃ© halves imports,tribune_news,2025-12-09,neutral
US help sought for energy reforms,tribune_news,2025-12-09,positive
"80% of Pakistan lacks safe drinking water, ADB warns",tribune_news,2025-12-09,negative
"Cricket, dramas top Google searches in Pakistan",tribune_news,2025-12-09,neutral
India releases water into Chenab River,tribune_news,2025-12-09,neutral
"UK court orders YouTuber Adil Raja to pay Â£310,000",tribune_news,2025-12-09,negative
"PSX jumps 1,200 points on IMF hopes",tribune_news,2025-12-09,positive
Bringing $3b investment back to PSX,tribune_news,2025-12-09,neutral
Why Pakistanâ€™s growth cycle keeps ending in IMF programmes,tribune_news,2025-12-09,positive
"A global shift in robotics and AI is underway, and Pakistan must keep pace",tribune_news,2025-12-09,neutral
"Will the new Cybersecurity Act strengthen defences, or create bureaucratic conflict?",tribune_news,2025-12-09,negative
Unintended consequences of Trump's tariff strategy,tribune_news,2025-12-09,neutral
PSX stays quiet amid mixed macros,tribune_news,2025-12-09,neutral
Govt asks State Bank to address SME credit crisis,tribune_news,2025-12-09,negative
Qatar hopeful EU will address concerns,tribune_news,2025-12-09,negative
India caps airfares over IndiGo crisis,tribune_news,2025-12-09,negative
Volkswagen to invest $186b through 2030,tribune_news,2025-12-09,neutral
Govt plans AI Centre to modernise industry,tribune_news,2025-12-09,neutral
'Climate finance a fundamental right',tribune_news,2025-12-09,neutral
"Magnitude 7.6 quake strikes off Japan, triggering tsunami warning",tribune_news,2025-12-09,negative
Sri Lanka issues landslide warnings as cyclone toll hits 627,tribune_news,2025-12-09,negative
IAEA calls for repair work on Chernobyl sarcophagus,tribune_news,2025-12-09,neutral
Netanyahu expects to move to Gaza truce second phase soon,tribune_news,2025-12-09,neutral
Venezuela acknowledges death of detained opposition figure,tribune_news,2025-12-09,negative
Macron's China visit reinforces multilateralism,tribune_news,2025-12-09,neutral
Trump's Pentagon chief under fire as scandals mount,tribune_news,2025-12-09,negative
UN calls on Taliban to lift ban on Afghan women in its offices,tribune_news,2025-12-09,negative
Arshad Nadeem clinches javelin gold at National Games,tribune_news,2025-12-09,neutral
Palace beat Fulham to move up to fourth,tribune_news,2025-12-09,neutral
Hojlund brace shoots Napoli past Juve,tribune_news,2025-12-09,neutral
Ex-Eng captains unleash scathing verdict,tribune_news,2025-12-09,neutral
Two sent off for Real in Celta defeat,tribune_news,2025-12-09,neutral
Shakib wants home farewell series,tribune_news,2025-12-09,neutral
Hamilton plans to bin his phone following nightmare season,tribune_news,2025-12-09,positive
Max Verstappen vows to bounce back,tribune_news,2025-12-09,neutral
Torres treble helps Barca extend Liga lead,tribune_news,2025-12-09,positive
Tearful Norris claims 'amazing' Formula One world champion,tribune_news,2025-12-09,neutral
Bangladesh U19 beat Pakistan by seven wickets,tribune_news,2025-12-09,negative
Wissa delighted with Newcastle debut,tribune_news,2025-12-09,positive
â€˜England being humiliated by Australiaâ€™,tribune_news,2025-12-09,neutral
â€œMiraclesâ€ of Social Media,tribune_news,2025-12-09,neutral
Old is gold: Kohli and Rohit shine bright,tribune_news,2025-12-09,neutral
NA secretariat seeks details of Omar Ayub's case,tribune_news,2025-12-09,neutral
Minister admits helplessness over train terror attacks,tribune_news,2025-12-09,negative
NEPRA slaps fine over 2021 outage,tribune_news,2025-12-09,neutral
Shehbaz wants timely completion of projects,tribune_news,2025-12-09,neutral
"Weak La NiÃ±a brings dry winter, PMD warns farmers",tribune_news,2025-12-09,negative
'25% surge in violence against women',tribune_news,2025-12-09,neutral
408 shopkeepers fined for flouting official prices,tribune_news,2025-12-09,neutral
Conferences against 26th and 27th amendments planned,tribune_news,2025-12-09,positive
Sindh Culture Day clash: police get to interrogate 12 suspects,tribune_news,2025-12-09,negative
Pakistan's soil health rapidly declining,tribune_news,2025-12-09,neutral
Migratory bird populations continue to decline,tribune_news,2025-12-09,neutral
10-year-old runner shines at National Games,tribune_news,2025-12-09,neutral
Police investigate mysterious triple death,tribune_news,2025-12-09,negative
Sindh faces acute shortage of neurosurgeons,tribune_news,2025-12-09,negative
USEFP inaugurates new building in capital,tribune_news,2025-12-09,positive
Missing Abbottabad medic found murdered,tribune_news,2025-12-09,negative
Zero dengue deaths make 2025 'controlled year',tribune_news,2025-12-09,negative
Security at district courts collapses,tribune_news,2025-12-09,negative
Replacement of prison locks on cards,tribune_news,2025-12-09,negative
Food Fest returnswith culinary showcase,tribune_news,2025-12-09,neutral
"Corruption top concern for Pakistanis, NCPS 2025 shows",tribune_news,2025-12-09,negative
Rising pickpocketing irks BRT passengers in K-P,tribune_news,2025-12-09,neutral
PHC seeks full report on dengue efforts,tribune_news,2025-12-09,neutral
K-P boosts police with advanced arsenal,tribune_news,2025-12-09,positive
Assembly outraged over doctor's murder,tribune_news,2025-12-09,negative
"Kundi slams PTI, hints at governor's rule",tribune_news,2025-12-09,neutral
'Lahooti' melodies meet Sindh's day of colour,tribune_news,2025-12-09,neutral
Winter market kicks off Christmas festivities,tribune_news,2025-12-09,positive
Silk Road media push gains fresh impetus,tribune_news,2025-12-09,positive
Jump scares still reign at the box office,tribune_news,2025-12-09,negative
Paramount counters Netflix with hostile bid for WBD,tribune_news,2025-12-09,neutral
'Avatar' world expands in 'Fire and Ashes',tribune_news,2025-12-09,negative
"Google Trends reveal Pakistan's cricket frenzy, tech curiosity",tribune_news,2025-12-09,neutral
Signals of political decay,tribune_news,2025-12-09,neutral
India's commitment trap,tribune_news,2025-12-09,neutral
Immunity (to wisdom),tribune_news,2025-12-09,neutral
Substandard dengue kits,tribune_news,2025-12-09,neutral
SIGAR report,tribune_news,2025-12-09,neutral
Austerity vs ambitions,tribune_news,2025-12-09,neutral
Closure and dignity,tribune_news,2025-12-09,neutral
IMF approves $1.3b loan for Pakistan,tribune_news,2025-12-09,neutral
Punjab generates over Rs3m on first day of partridge hunting permit auction,tribune_news,2025-12-09,neutral
"Islamabad completes e-stamp paper system to prevent land fraud, document forgery",tribune_news,2025-12-09,negative
Sindh expands faceless e-ticketing system in more districts across province,tribune_news,2025-12-09,neutral
Energy Minister Leghari seeks US support for Pakistan's power sector reforms,tribune_news,2025-12-09,positive
Body of missing Abbotabad lady doctor recovered from forest,tribune_news,2025-12-09,neutral
"PAA's split pension distresses 2,500 retirees",tribune_news,2025-12-09,neutral
Mawra Hocane chooses scripts that give women a voice,tribune_news,2025-12-09,neutral
Actors Sabeena Syed and Khaqan Shahnawaz announce their engagement,tribune_news,2025-12-09,neutral
"BRT bus crashes between University of Peshawar, Islamia College stations",tribune_news,2025-12-09,negative
"SC orders reinstatement of 36 teachers, citing tribunalâ€™s use of â€˜hallucinatingâ€™ AI",tribune_news,2025-12-09,neutral
Indonesian President Subianto lands in Islamabad for his first two-day official visit,tribune_news,2025-12-09,negative
"Pakistan Railways safety measures remain inadequate despite multiple accidents, inquiry reports",tribune_news,2025-12-09,neutral
"PM approves power projects for Gwadar, G-B",tribune_news,2025-12-09,neutral
LDA seals 53 properties in crackdown on illegal commercial buildings,tribune_news,2025-12-09,negative
"One killed, another injured in Saeedabad firing incident",tribune_news,2025-12-09,negative
Justice Aurangzeb sworn in as permanent SC judge,tribune_news,2025-12-09,neutral
IO testifies in Nowshera wheat embezzlement case,tribune_news,2025-12-09,neutral
Armed men loot Rs1.8m in broad daylight in Karachiâ€™s Landhi,tribune_news,2025-12-09,neutral
Transporters standstill in Rawalpindi as unions rally against heavy fines,tribune_news,2025-12-09,neutral
"Mazari tweet case adjourned as Aurat March, KBA protest ""unfair trial""",tribune_news,2025-12-09,negative
25 dead as midnight fire hits Indian night club,tribune_news,2025-12-09,negative
Qatar urges dialogue with non-state actors for peace,tribune_news,2025-12-09,positive
Ruling coalition trains guns at Imran's PTI,tribune_news,2025-12-09,neutral
Pakistan rebukes Indian FM's 'incendiary' remarks targeting Army,tribune_news,2025-12-09,neutral
Floods revive Pakistan's dying Indus Delta,tribune_news,2025-12-09,negative
ECP refuses to recognise Gohar as PTI chairperson,tribune_news,2025-12-09,neutral
Court issues non-bailable warrants for Gandapur,tribune_news,2025-12-09,negative
Senate passes agri-trade bill,tribune_news,2025-12-09,negative
"At RSIFF, women lead, inspire, and shape conversation",tribune_news,2025-12-09,positive
Laughter amid ruins: the Gaza circus story,tribune_news,2025-12-09,neutral
How Netflix won Hollywood's biggest prize,tribune_news,2025-12-09,neutral
Yo-de-lay-UNESCO? Swiss hope for yodel heritage listing,tribune_news,2025-12-09,positive
Streaming giants drive Critics Choice spotlight,tribune_news,2025-12-09,neutral
Kate honours community spirit in Christmas service,tribune_news,2025-12-09,neutral
Another Birkin bag sold for $2.86 million,tribune_news,2025-12-09,negative
BD exhumes mass grave from 2024 uprising,tribune_news,2025-12-09,neutral
Drone strikes in Sudan kill dozens,tribune_news,2025-12-09,negative
Over 50 Iranians to return from US,tribune_news,2025-12-09,neutral
SIUT showcases breakthrough in digital surgery,tribune_news,2025-12-09,positive
Lahooti Festival enthrals audience,tribune_news,2025-12-09,neutral
"Cane growers decry unfair pricing, delays in crushing",tribune_news,2025-12-09,neutral
"Karachi's dengue death trap: fake labs, faulty tests, zero oversight",tribune_news,2025-12-09,negative
Sindh's cultural heritage among oldest in world: CM,tribune_news,2025-12-09,neutral
Two men found dead in 'suicides',tribune_news,2025-12-09,negative
K-P reviews master plan for key Hazara tourist resorts,tribune_news,2025-12-09,neutral
JI warns of protest over delay in LG polls,tribune_news,2025-12-09,negative
'Twin City Run' draws massive crowd,tribune_news,2025-12-09,positive
Adiala Public Park project launched,tribune_news,2025-12-09,neutral
Dry fruit sales surge with drop in temperature,tribune_news,2025-12-09,neutral
Gunpoint abduction bid foiled,tribune_news,2025-12-09,neutral
Transport unions in Rawalpindi announce strike over heavy fines,tribune_news,2025-12-09,negative
UAF attracts feline lovers from across Pakistan,tribune_news,2025-12-09,positive
Three arrested for torching man,tribune_news,2025-12-09,negative
Dry fruits' demand rises in winter,tribune_news,2025-12-09,positive
CM orders early Ravi City development,tribune_news,2025-12-09,neutral
Youth kidnapped for ransom,tribune_news,2025-12-09,neutral
K-P Bar to challenge Peshawar High Court's strike ruling,tribune_news,2025-12-09,negative
Locals protest murder of ambulance driver,tribune_news,2025-12-09,negative
K-P transfers 49% Miran Block shares,tribune_news,2025-12-09,neutral
K-P sees 50% surge in terror attacks in 2025,tribune_news,2025-12-09,negative
Doctors threaten protest over kidnapped physician,tribune_news,2025-12-09,negative
Pakistan in a rapidly changing world,tribune_news,2025-12-09,neutral
Neurodivergent students' right to education,tribune_news,2025-12-09,neutral
Milk gone bad,tribune_news,2025-12-09,negative
Struggling economy,tribune_news,2025-12-09,neutral
Aligning for Gaza,tribune_news,2025-12-09,neutral
Carbon credits,tribune_news,2025-12-09,neutral
Apple's first foldable iPhone to be eSIM-only,tribune_news,2025-12-09,neutral
Qatari PM calls for dialogue with non-state actors for regional peace,tribune_news,2025-12-09,positive
K-P CM vows to avoid confrontation despite â€˜repeated provocationâ€™,tribune_news,2025-12-09,neutral
MQM-P urges PTI to decide between party chief and country,tribune_news,2025-12-09,neutral
'Migrant robbers' from Punjab confess to weekend crime sprees in Karachi,tribune_news,2025-12-09,negative
"SNGPL issues winter gas load shedding schedule for Punjab, K-P",tribune_news,2025-12-09,positive
Three women found dead in Karachi's Gulshan-e-Iqbal flat under mysterious circumstances,tribune_news,2025-12-09,negative
Citizens struggle to afford essential items as price hike continues in Rawalpindi,tribune_news,2025-12-09,neutral
Absence of local govt system in Punjab leaves citizens struggling for basic services,tribune_news,2025-12-09,neutral
Clashes erupt in Karachi during nationalist group's cultural day rally,tribune_news,2025-12-09,neutral
"Pakistan Navy foils drug-smuggling attempt, seizes nearly $3m worth of hashish in Arabian Sea",tribune_news,2025-12-09,neutral
"DIG Islamabad directs action against Afghans residing illegally, linked to crime",tribune_news,2025-12-09,negative
"FO slams Jaishankarâ€™s â€˜baseless, irresponsibleâ€™ comments about Pakistan Army",tribune_news,2025-12-09,neutral
Trumpâ€™s envoy says Ukraine peace deal â€˜really closeâ€™ as two issues remain,tribune_news,2025-12-09,positive
India's Goa state orders probe after nightclub fire kills 25,tribune_news,2025-12-09,negative
Karachiâ€™s Winter market brings Christmas to life,tribune_news,2025-12-09,positive
"26th, 27th constitutional amendments 'a blot on the Constitution': Khaqan Abbasi",tribune_news,2025-12-09,neutral
From K-P to Europe: How Rawalpindi's visa scam endangers young migrants,tribune_news,2025-12-09,negative
Benin says coup attempt by small group of soldiers foiled,tribune_news,2025-12-09,neutral
Aus crush Eng by eight wickets,tribune_news,2025-12-09,neutral
Ducky Bhai to break 100-day silence with YouTube message at 6pm today,tribune_news,2025-12-09,neutral
National Games begin in Karachi with spectacular opening ceremony,tribune_news,2025-12-09,neutral
Salah tirade adds to Slot's troubles during Liverpool slump,tribune_news,2025-12-09,neutral
Messi dazzles as Miami beat Vancouver to win MLS title,tribune_news,2025-12-09,positive
Indonesian President to make first official visit to Pakistan on December 8â€“9,tribune_news,2025-12-09,neutral
Sri Lanka issues landslide warnings as cyclone toll hits 618,tribune_news,2025-12-09,negative
12 Indian-backed terrorists killed in Kalat IBO: ISPR,tribune_news,2025-12-09,negative
"Australia imposes sanctions, travel bans on Afghan Taliban officials",tribune_news,2025-12-09,negative
Punjab designates 80 hunting grounds for partridges amid community pushback,tribune_news,2025-12-09,neutral
CM Bugti slams 'parties spreading anti-state propaganda',tribune_news,2025-12-09,neutral
ECP refuses to recognise Barrister Gohar as PTI chairperson,tribune_news,2025-12-09,neutral
Scammed by the System,tribune_news,2025-12-09,neutral
PTI stages major power show today,tribune_news,2025-12-09,neutral
55 May 9 cases to be scrapped in K-P,tribune_news,2025-12-09,neutral
Zabihullahâ€™s statement on TTP: a lesson in hypocrisy and evasion,tribune_news,2025-12-09,neutral
PHC orders JIT in disappearance of 7 men,tribune_news,2025-12-09,neutral
Swift plans June wedding and overseas bachelorette trips,tribune_news,2025-12-09,neutral
UNSC delegation urges sticking to Lebanon truce,tribune_news,2025-12-09,negative
"Qatar, Egypt call for Israeli troop withdrawal",tribune_news,2025-12-09,neutral
Flood toll passes 900 in Indonesia,tribune_news,2025-12-09,negative
Won't be 'bystander' to HR abuses: Pope,tribune_news,2025-12-09,neutral
403 Forbidden,geo_news,2025-12-09,neutral
Ù…Ø³Ù„Ø³Ù„ Ø´Ú©Ø³ØªÛŒÚº! Ú¯Ù…Ø¨Ú¾ÛŒØ± Ú©ÛŒ Ø¹Ø²Øª Ø®Ø§Ú© Ù…ÛŒÚº Ù…Ù„ Ú¯Ø¦ÛŒØŒ Ù…Ù†Ø§ÙÙ‚ Ù‚Ø±Ø§Ø±,express_news,2025-12-09,neutral
Ú©ÛŒØ§ Ø­Ú©ÙˆÙ…Øª Ø§ÙˆØ± Ù¾ÛŒ Ù¹ÛŒ Ø¢Ø¦ÛŒ Ú©Û’ Ù…Ø°Ø§Ú©Ø±Ø§Øª Ø®ØªÙ… ÛÙˆÙ†Û’ Ø¬Ø§ Ø±ÛÛ’ ÛÛŒÚºØŸ Ø´ÙˆÚ©Øª ÛŒÙˆØ³ÙØ²Ø¦ÛŒ Â Ù†Û’ Ø¨ØªØ§Ø¯ÛŒØ§,express_news,2025-12-09,neutral
Ù†ÛŒØªÙ† ÛŒØ§ÛÙˆ Ú©Û’ ÙˆØ§Ø±Ù†Ù¹ Ú¯Ø±ÙØªØ§Ø±ÛŒ Ø¬Ø§Ø±ÛŒ Ú©ÛŒÙˆÚº Ú©ÛŒÛ’ØŸ Ø§Ù…Ø±ÛŒÚ©ÛŒ Ú©Ø§Ù†Ú¯Ø±ÛŒØ³ Ú©Ø§ Ø¹Ø§Ù„Ù…ÛŒ Ø¹Ø¯Ø§Ù„Øª Ù¾Ø±Ù¾Ø§Ø¨Ù†Ø¯ÛŒ Ú©Û’ Ø­Ù‚ Ù…ÛŒÚº ÙˆÙˆÙ¹,express_news,2025-12-09,neutral
Ú©Ø±Ø§Ú†ÛŒ Ú©ÛŒ Ú©ÙˆÙ† Ø³ÛŒ Ø§ÛÙ… Ø³Ú‘Ú© Ø§Ù“Ø¬ Ø¯Ù† 12 ØªØ§ Ø´Ø§Ù… 6 Ø¨Ù†Ø¯ Ø±ÛÛ’ Ú¯ÛŒØŸ,express_news,2025-12-09,neutral
ØºÛŒØ±Øª Ú©Û’ Ù†Ø§Ù… Ù¾Ø± ÙˆØ§Ù„Ø¯ÛŒÙ† Ù†Û’ Ø¨ÛŒÙ¹ÛŒ Ù¾Ø± Ú¯ÙˆÙ„ÛŒØ§Úº Ø¨Ø±Ø³Ø§ Ø¯ÛŒÚºØŒ 20 Ø³Ø§Ù„Û Ø´Ù…Ø§Ø¦Ù„Û Ø§Ø³Ù¾ØªØ§Ù„ Ù…Ù†ØªÙ‚Ù„,express_news,2025-12-09,neutral
Ú©ÛŒØ§ Ø¢Ø±Ù…ÛŒ Ø§ÙØ³Ø± Ú©Ùˆ Ø§ØªÙ†Ø§ ØªØ¬Ø±Ø¨Û Ø§ÙˆØ± Ø¹Ø¨ÙˆØ± ÛÙˆØªØ§ ÛÛ’ Ú©Û Ø³Ø²Ø§Ø¦Û’ Ù…ÙˆØª ØªÚ© Ø³Ù†Ø§ Ø¯ÛŒ Ø¬Ø§ØªÛŒ ÛÛ’ØŒ Ø¬Ø³Ù¹Ø³ Ø¬Ù…Ø§Ù„ Ù…Ù†Ø¯ÙˆØ®ÛŒÙ„,express_news,2025-12-09,neutral
Ø´ÛØ±ÛŒ Ú©Ùˆ Ù…Ù†Ø´ÛŒØ§Øª Ú©Û’ Ù…Ù‚Ø¯Ù…Û’ Ù…ÛŒÚº Ù¾Ú¾Ù†Ø³Ø§Ù†Û’ Ú©ÛŒ Ø¯Ú¾Ù…Ú©ÛŒ Ø¯ÛŒÚ©Ø± Ø±Ø´ÙˆØª Ù„ÛŒÙ†Û’ ÙˆØ§Ù„Ø§ Ø§ÛÙ„Ú©Ø§Ø± Ú¯Ø±ÙØªØ§Ø±,express_news,2025-12-09,neutral
7 Ø¬Ù†ÙˆØ±ÛŒ Ø³Û’ Ù„Ø§Ù¾ØªØ§ Ø¨Ú†Û’ Ú©Ø§ ØªØ§Ø­Ø§Ù„ Ø³Ø±Ø§Øº Ù†ÛÛŒÚº Ù…Ù„Ø§,express_news,2025-12-09,neutral
Ø§Û’ Ø§ÛŒÙ† Ø§ÛŒÙ Ø¢Ù¾Ø±ÛŒØ´Ù†Ø² Ù…ÛŒÚº 18 Ú©Ø±ÙˆÚ‘ Ø³Û’ Ø²Ø§Ø¦Ø¯ Ù…Ø§Ù„ÛŒØª Ú©ÛŒ Ù…Ù†Ø´ÛŒØ§Øª Ø¨Ø±Ø¢Ù…Ø¯,express_news,2025-12-09,neutral
Ù‚ÙˆÙ…ÛŒ Ú©Ø±Ú©Ù¹Ø± Ø³Ø¯Ø±Û Ø§Ù…ÛŒÙ† Ú©Û’ ÙˆØ§Ù„Ø¯ Ø§Ù†ØªÙ‚Ø§Ù„ Ú©Ø±Ú¯Ø¦Û’,express_news,2025-12-09,neutral
Ø§ÛŒÚ©Ù¹Ù†Ú¯ Ø³ÛŒ Ø§ÛŒ Ø§Ùˆ Ù¾ÛŒ Ø¢Ø¦ÛŒ Ø§Û’ Ø¹Ø§Ù…Ø± Ø­ÛŒØ§Øª Ú©ÛŒ ØªÙ‚Ø±Ø±ÛŒ Ø¹Ø¯Ø§Ù„Øª Ù…ÛŒÚº Ú†ÛŒÙ„Ù†Ø¬,express_news,2025-12-09,neutral
Ø¨Ú†ÙˆÚº Ú©ÛŒ Ù…ÙˆØ¬ Ù…Ø³ØªÛŒ Ø®ØªÙ…ØŒ ÙˆÙØ§Ù‚ÛŒ Ø³Ø±Ú©Ø§Ø±ÛŒ ØªØ¹Ù„ÛŒÙ…ÛŒ Ø§Ø¯Ø§Ø±ÙˆÚº Ù…ÛŒÚº Ù…ÙˆØ³Ù… Ø³Ø±Ù…Ø§ Ú©ÛŒ ØªØ¹Ø·ÛŒÙ„Ø§Øª Ø®ØªÙ…,express_news,2025-12-09,neutral
Ø³ÙˆÙ†Ø§ Ù…Ø²ÛŒØ¯ Ù…ÛÙ†Ú¯Ø§ØŒ Ø¹Ø§Ù„Ù…ÛŒ Ùˆ Ù…Ù‚Ø§Ù…ÛŒ Ù…Ø§Ø±Ú©ÛŒÙ¹ Ù…ÛŒÚº Ù‚ÛŒÙ…ØªÛŒÚº Ù†Ø¦ÛŒ Ø¨Ù„Ù†Ø¯ ØªØ±ÛŒÙ† Ø³Ø·Ø­ Ù¾Ø± Ø§Ù“Ú¯Ø¦ÛŒÚº,express_news,2025-12-09,neutral
Ú©Ø±Ø§Ú†ÛŒ Ø³Ø§Ø¦Ù¹ Ø§ÛŒØ±ÛŒØ§ Ù‚Ø¨Ø±Ø³ØªØ§Ù† Ø³Û’ ØµÙ†Ø¯ÙˆÙ‚ Ù…ÛŒÚº Ø¨Ù†Ø¯ Ø®Ø§ØªÙˆÙ† Ú©ÛŒ ÛØ§ØªÚ¾ Ù¾Ø§ÙˆÙ”Úº Ø¨Ù†Ø¯Ú¾ÛŒ Ù„Ø§Ø´ Ø¨Ø±Ø§Ù“Ù…Ø¯,express_news,2025-12-09,neutral
Ø¨Ø¬Ù„ÛŒ 6 Ø±ÙˆÙ¾Û’ ÛŒÙˆÙ†Ù¹ Ø³Ø³ØªÛŒØŒ Ø­Ú©ÙˆÙ…Øª Ù†Û’ IMF Ú©Ùˆ Ù¾Ù„Ø§Ù† Ø¯ÛŒØ¯ÛŒØ§,express_news,2025-12-09,neutral
Ø±ÛŒØªÛŒØ´ Ø¯ÛŒØ´Ù…Ú©Ú¾ Ø§ÙˆØ± ÙØ±Ø¯ÛŒÙ† Ø®Ø§Ù† Ú©ÛŒ ÙÙ„Ù… â€™ÙˆØ³ÙÙˆÙ¹â€˜ Ú©Ø¨ Ø±ÛŒÙ„ÛŒØ² ÛÙˆÚ¯ÛŒ ØªØ§Ø±ÛŒØ® Ø§Ù“Ú¯Ø¦ÛŒ,express_news,2025-12-09,neutral
Ù…Ø¸ÙØ±Ú¯Ú‘Ú¾ Ù¾Ø³Ù†Ø¯ Ú©ÛŒ Ø´Ø§Ø¯ÛŒ Ø³Û’ Ø±ÙˆÚ©Ù†Û’ Ù¾Ø±13Ø³Ø§Ù„Û Ù„Ú‘Ú©Û’ Ø§ÙˆØ±12 Ø³Ø§Ù„Û Ù„Ú‘Ú©ÛŒ Ú©ÛŒ Ø®ÙˆØ¯Ú©Ø´ÛŒ,express_news,2025-12-09,neutral
Ø¹Ù…Ø±Ú©ÙˆÙ¹ Ú©Ø§ ØªØ§Ø±ÛŒØ®ÛŒ Ù‚Ù„Ø¹Û Ø¯ÛŒÚ©Ú¾Ù†Û’ ÙˆØ§Ù„ÙˆÚº Ú©Ùˆ Ø³Ø­Ø± Ù…ÛŒÚº Ø¬Ú©Ú‘ Ù„ÛŒØªØ§ ÛÛ’,express_news,2025-12-09,neutral
Ø§ÛŒÙ„ ÚˆØ¨Ù„ÛŒÙˆ Ø§ÛŒÙ… Ø³ÛŒ ØºÛŒØ±Ù…Ù„Ú©ÛŒ ØµÙØ§Ø¦ÛŒ Ú©Ù…Ù¾Ù†ÛŒ Ù†Û’ Ø¨ØºÛŒØ±ØªØµØ¯ÛŒÙ‚ Ø¨ÛŒÙ†Ú© Ú¯Ø§Ø±Ù†Ù¹ÛŒ Ù†Ú©Ù„ÙˆØ§Ù„ÛŒ,express_news,2025-12-09,neutral
Ø´ÛŒÙ† ÙˆØ§Ø±Ù† Ú©ÛŒ Ù…ÙˆØª ØªÚ¾Ø§Ø¦ÛŒ Ù„ÛŒÙ†Úˆ Ù¾ÙˆÙ„ÛŒØ³ Ù†Û’ ØªØ­Ù‚ÛŒÙ‚Ø§Øª Ú©Ø§ Ø§Ø¹Ù„Ø§Ù† Ú©Ø±Ø¯ÛŒØ§,express_news,2025-12-09,neutral
ØªÚ¾Ø±Ù¾Ø§Ø±Ú©Ø± Ù…ÛŒÚº Ø§ÛŒÚ© Ø³Ø§Ù„ Ù…ÛŒÚºÂ 115 Ø§ÙØ±Ø§Ø¯ Ú©ÛŒ Ø®ÙˆØ¯Ú©Ø´ÛŒ,express_news,2025-12-09,neutral
Ø§ÙØºØ§Ù† Ú©Ø±Ú©Ù¹ Ø¨ÙˆØ±Úˆ Ú©Û’ Ú†ÛŒØ¦Ø±Ù…ÛŒÙ† Ø¨Ø±Ø·Ø±Ù,express_news,2025-12-09,neutral
Ø¢Ø±Ù…ÛŒ Ú†ÛŒÙ Ø³Ø±Ú©Ø§Ø±ÛŒ Ø¯ÙˆØ±Û’ Ù¾Ø± Ø³Ø¹ÙˆØ¯ÛŒ Ø¹Ø±Ø¨ Ù¾ÛÙ†Ú† Ú¯Ø¦Û’,express_news,2025-12-09,neutral
Ø³Ø§Ø¨Ù‚ Ø§Ù†Ú¯Ù„Ø´ Ú©Ø±Ú©Ù¹ Ú©Ù¾ØªØ§Ù† Ø¨Ø§Ø¨ ÙˆÙ„Ø³ 70 Ø¨Ø±Ø³ Ú©ÛŒ Ø¹Ù…Ø± Ù…ÛŒÚº Ú†Ù„ Ø¨Ø³Û’,express_news,2025-12-09,neutral
Ø¨Ú¯Ú‘ØªÛ’ Ù…ÙˆØ³Ù… Ø§ÙˆØ± Ù…Ø§Ø­ÙˆÙ„ÛŒØ§ØªÛŒ ØªØ¨Ø¯ÛŒÙ„ÛŒ,express_news,2025-12-09,neutral
ÛÙ…Ø§Ø±Û’ Ø³Ø§ØªÚ¾ Ø´Ø§Ù…Ù„ ÛÙˆÚº,express_news,2025-12-09,neutral
Under-pressure Alonso feels 'unity' at Real Madrid,bbc_sport_news,2025-12-09,neutral
Boulter misses out on Australian Open main draw,bbc_sport_news,2025-12-09,neutral
"'Winning made everything worth it' - Norris on world title triumph. Video, 00:02:46'Winning made everything worth it' - Norris on world title triumph",bbc_sport_news,2025-12-09,positive
"'Disrespectful' Salah comments threw club under bus - Rooney. Video, 00:01:35'Disrespectful' Salah comments threw club under bus - Rooney",bbc_sport_news,2025-12-09,neutral
"'Salah's put his team-mates in jeopardy' - Coady. Video, 00:01:19'Salah's put his team-mates in jeopardy' - Coady",bbc_sport_news,2025-12-09,neutral
"Villa could still go up another level - Sutton. Video, 00:01:43Villa could still go up another level - Sutton",bbc_sport_news,2025-12-09,negative
"'It can become hostile' - Savage on impact of fan abuse. Video, 00:02:52'It can become hostile' - Savage on impact of fan abuse",bbc_sport_news,2025-12-09,neutral
More top stories,bbc_sport_news,2025-12-09,neutral
More sports news,bbc_sport_news,2025-12-09,positive
Cardiff's Sala court case against Nantes to begin,bbc_sport_news,2025-12-09,neutral
"Tuchel reacts to England's 'difficult' World Cup group. Video, 00:02:37Tuchel reacts to England's 'difficult' World Cup group",bbc_sport_news,2025-12-09,neutral
"'Bring it on' - Clarke reacts to Scotland's World Cup draw. Video, 00:00:48'Bring it on' - Clarke reacts to Scotland's World Cup draw",bbc_sport_news,2025-12-09,neutral
"'Have I just outed Chelsea?' - Confession Cam. Video, 00:03:19'Have I just outed Chelsea?' - Confession Cam",bbc_sport_news,2025-12-09,neutral
"'He wasn't happy' - Slot on Salah's reaction after being dropped. Video, 00:00:58'He wasn't happy' - Slot on Salah's reaction after being dropped",bbc_sport_news,2025-12-09,neutral
"'Why would you do that?' - Sutton on Spurs fans booing. Video, 00:02:31'Why would you do that?' - Sutton on Spurs fans booing",bbc_sport_news,2025-12-09,neutral
Also in sport,bbc_sport_news,2025-12-09,neutral
"World Cup to have 13 different kick-off times, including 5am UK time",bbc_sport_news,2025-12-09,neutral
Only from the BBC,bbc_sport_news,2025-12-09,neutral
"Football in Greenland: The 'toughest' championship in the world? Video, 00:05:59Football in Greenland: The 'toughest' championship in the world?",bbc_sport_news,2025-12-09,neutral
"The stunning football pitches hiding in the Arctic Circle. Video, 00:04:56The stunning football pitches hiding in the Arctic Circle",bbc_sport_news,2025-12-09,neutral
"Exploring Britain's most extraordinary cricket grounds. Video, 00:06:49Exploring Britain's most extraordinary cricket grounds",bbc_sport_news,2025-12-09,neutral
"How does British football food rate with European fans? Video, 00:01:39How does British football food rate with European fans?",bbc_sport_news,2025-12-09,neutral
"Inside the $5bn World Cup stadium in California. Video, 00:02:49Inside the $5bn World Cup stadium in California",bbc_sport_news,2025-12-09,neutral
Insight: Must-read sports stories,bbc_sport_news,2025-12-09,neutral
'I deeply hurt people by moving to Saudi Arabia',bbc_sport_news,2025-12-09,neutral
Ashes player ratings: Who may be wilting under the pressure?,bbc_sport_news,2025-12-09,neutral
'A clear challenge to Slot's authority in Salah's show of rebellion',bbc_sport_news,2025-12-09,neutral
Your essential guide to the World Cup stadiums,bbc_sport_news,2025-12-09,neutral
How abnormal drugs test saved NFL player from cancer,bbc_sport_news,2025-12-09,negative
Our latest podcasts,bbc_sport_news,2025-12-09,neutral
"Football Daily. Monday Night Club: â€˜Selfishâ€™ Salah, Villa join title race & Leeds revival. Audio, 58 minutesFootball DailyMonday Night Club: â€˜Selfishâ€™ Salah, Villa join title race & Leeds revival",bbc_sport_news,2025-12-09,negative
"Is this the end of Salah at Liverpool? Audio, 41 minutesIs this the end of Salah at Liverpool?",bbc_sport_news,2025-12-09,neutral
"Rugby Union Weekly. Did the Champions Cup opening weekend deliver? Audio, 52 minutesRugby Union WeeklyDid the Champions Cup opening weekend deliver?",bbc_sport_news,2025-12-09,neutral
"F1: Chequered Flag. Abu Dhabi Grand Prix Review. Audio, 32 minutesF1: Chequered FlagAbu Dhabi Grand Prix Review",bbc_sport_news,2025-12-09,neutral
"The Ashes: Wounded Stokes says no place for weak men. Audio, 54 minutesThe Ashes: Wounded Stokes says no place for weak men",bbc_sport_news,2025-12-09,neutral
"More Than The Score. Netball in Africa: Is the future looking bright? Audio, 25 minutesMore Than The ScoreNetball in Africa: Is the future looking bright?",bbc_sport_news,2025-12-09,neutral
Discover the BBC's best sports podcasts,bbc_sport_news,2025-12-09,positive
Football Extra newsletter,bbc_sport_news,2025-12-09,positive
Things you need to know,bbc_sport_news,2025-12-09,neutral
More from BBC News,bbc_sport_news,2025-12-09,positive
Where and how to watch BBC News,bbc_sport_news,2025-12-09,positive
Premier League,bbc_sport_news,2025-12-09,neutral
European Football,bbc_sport_news,2025-12-09,neutral
Find out more about our BBC Sport app,bbc_sport_news,2025-12-09,neutral
Find us here,bbc_sport_news,2025-12-09,neutral
Find out more,bbc_sport_news,2025-12-09,neutral
Follow the Ashes on BBC Sport,bbc_sport_news,2025-12-09,neutral
More on this,bbc_sport_news,2025-12-09,neutral
The request could not be satisfied.,espn_news,2025-12-09,neutral
Israel shot my little sister during the Gaza ceasefire,aljazeera,2025-12-09,negative
ÙˆØ²ÛŒØ± Ø®Ø²Ø§Ù†Û Ú©Ø§ Ø§Ù‚ØªØµØ§Ø¯ÛŒ Ø§Ø³ØªØ­Ú©Ø§Ù… Ø¨Ø±Ù‚Ø±Ø§Ø± Ø±Ú©Ú¾Ù†Û’ Ú©Û’ Ø¹Ø²Ù… Ú©Ø§ Ø§Ø¹Ø§Ø¯Û,express,2025-12-09,neutral
Ù‚ÙˆÙ…ÛŒ Ø§Ø³Ù…Ø¨Ù„ÛŒ Ú©ÛŒ Ù‚Ø§Ø¦Ù…Û Ú©Ù…ÛŒÙ¹ÛŒ Ø®Ø²Ø§Ù†Û Ø³Û’ Ø§Ù†Ú©Ù… Ù¹ÛŒÚ©Ø³ Ø¢Ø±ÚˆÛŒÙ†Ù†Ø³ ØªÛŒØ³Ø±Ø§ ØªØ±Ù…ÛŒÙ…ÛŒ Ø¨Ù„ Ù…Ù†Ø¸ÙˆØ±,express,2025-12-09,neutral
Ø¨Ø§Ù†ÛŒ Ù¾ÛŒ Ù¹ÛŒ Ø¢Ø¦ÛŒ Ù¾Ø± Ù¾Ø§Ø¨Ù†Ø¯ÛŒ Ù„Ú¯Ø§Ù†Û’ Ú©ÛŒ Ù‚Ø±Ø§Ø±Ø¯Ø§Ø¯ Ù¾Ù†Ø¬Ø§Ø¨ Ø§Ø³Ù…Ø¨Ù„ÛŒ Ø³Û’ Ù…Ù†Ø¸ÙˆØ±,express,2025-12-09,neutral
