text,source,date,sentiment,cleaned_text
Ukraine prepares new peace plan as Zelensky rules out giving up land,bbc,2025-12-09,positive,ukrain prepar new peac plan zelenski rule give land
Ukrainians raise flag to show BBC the fight goes on in city claimed by Russia,bbc,2025-12-09,negative,ukrainian rais flag show bbc fight goe citi claim russia
Pioneering new UK treatment reverses incurable blood cancer in some patients,bbc,2025-12-09,neutral,pioneer new uk treatment revers incur blood cancer patient
"UN environment report 'hijacked' by US and others over fossil fuels, top scientist says",bbc,2025-12-09,negative,un environ report hijack us other fossil fuel top scientist say
Why are Thailand and Cambodia fighting at the border?,bbc,2025-12-09,negative,thailand cambodia fight border
Dozens injured after magnitude 7.5 quake strikes northern Japan,bbc,2025-12-09,negative,dozen injur magnitud 7 5 quak strike northern japan
Australia's social media ban for children has left big tech scrambling,bbc,2025-12-09,negative,australia social media ban children left big tech scrambl
CCTV shows Matisse heist suspects making off with artworks on foot,bbc,2025-12-09,negative,cctv show matiss heist suspect make artwork foot
"Ben & Jerry's brand could be destroyed, says co-founder",bbc,2025-12-09,negative,ben jerri brand could destroy say co founder
Fact-checking Trump’s denial over releasing Venezuela boat strike video,bbc,2025-12-09,negative,fact check trump denial releas venezuela boat strike video
"Sudan air force bombing of towns, markets and schools has killed hundreds, report says",bbc,2025-12-09,negative,sudan air forc bomb town market school kill hundr report say
"Goa nightclub owners fled to Thailand hours after deadly fire, police say",bbc,2025-12-09,negative,goa nightclub owner fled thailand hour dead fire polic say
Trump gives Nvidia green light to sell advanced AI chips to China,bbc,2025-12-09,neutral,trump give nvidia green light sell advanc ai chip china
More to explore,bbc,2025-12-09,neutral,explor
European leaders walk tightrope between backing Ukraine and keeping US on board,bbc,2025-12-09,positive,european leader walk tightrop back ukrain keep us board
Is AI in recruitment a 'race to the bottom'?,bbc,2025-12-09,neutral,ai recruit race bottom
A wage for housework? India's sweeping experiment in paying women,bbc,2025-12-09,neutral,wage housework india sweep experi pay women
AI tools transform Christmas gifting as shoppers turn to chatbots,bbc,2025-12-09,neutral,ai tool transform christma gift shopper turn chatbot
Why has Paramount launched a hostile bid for Warner Bros Discovery?,bbc,2025-12-09,negative,paramount launch hostil bid warner bros discoveri
'New lease of life': Nothing beats Jess Glynne for TikTok's UK song of the year,bbc,2025-12-09,positive,new leas life noth beat jess glynn tiktok uk song year
Here's what Canadian provinces are doing with all the US liquor they pulled off shelves,bbc,2025-12-09,neutral,canadian provinc us liquor pull shelv
Most watched,bbc,2025-12-09,neutral,watch
Nasa astronaut and Roscosmos cosmonauts return to Earth,bbc,2025-12-09,neutral,nasa astronaut roscosmo cosmonaut return earth
Watch: Moment commuter train collides with vehicle in Illinois,bbc,2025-12-09,negative,watch moment commut train collid vehicl illinoi
Watch: President Trump hosts the Kennedy Center Honors,bbc,2025-12-09,positive,watch presid trump host kennedi center honor
Watch: Moment stolen puppies are reunited with mum,bbc,2025-12-09,negative,watch moment stolen puppi reunit mum
Also in news,bbc,2025-12-09,positive,also news
Zohran Mamdani confirms he will live in historic Gracie Mansion as New York mayor,bbc,2025-12-09,neutral,zohran mamdani confirm live histor graci mansion new york mayor
Trump unveils $12bn farm aid package to help farmers who faced 'unjustified trade actions',bbc,2025-12-09,positive,trump unveil 12bn farm aid packag help farmer face unjustifi trade action
"US deports second group of Iranian nationals, officials say",bbc,2025-12-09,neutral,us deport second group iranian nation offici say
Israel to review reports that troops killed three-year-old in Gaza,bbc,2025-12-09,negative,israel review report troop kill three year old gaza
"'I am not weak' says Slot, but Salah could return",bbc,2025-12-09,neutral,weak say slot salah could return
Zohran Mamdani will live in historic Gracie Mansion as New York mayor,bbc,2025-12-09,neutral,zohran mamdani live histor graci mansion new york mayor
Pioneering new treatment reverses incurable blood cancer in some patients,bbc,2025-12-09,neutral,pioneer new treatment revers incur blood cancer patient
England fast bowler Wood out of Ashes tour,bbc,2025-12-09,neutral,england fast bowler wood ash tour
Are Man Utd turning the tide or is a 'bad result just around corner'?,bbc,2025-12-09,negative,man utd turn tide bad result around corner
"E-Paper | December 09, 2025",dawn,2025-12-09,neutral,e paper decemb 09 2025
Subscribe to notifications,dawn,2025-12-09,neutral,subscrib notif
"PM Shehbaz hails ‘extremely productive, gratifying’ talks with Indonesian president",dawn,2025-12-09,neutral,pm shehbaz hail extrem product gratifi talk indonesian presid
Indonesian President Subianto arrives in Islamabad on 2-day maiden visit,dawn,2025-12-09,negative,indonesian presid subianto arriv islamabad 2 day maiden visit
Indonesian president to arrive in Pakistan for 2-day visit,dawn,2025-12-09,neutral,indonesian presid arriv pakistan 2 day visit
Slew of MoUs on the cards for Indonesian president’s visit,dawn,2025-12-09,neutral,slew mous card indonesian presid visit
IMF sees Pakistan stepping back from default risk,dawn,2025-12-09,negative,imf see pakistan step back default risk
7 injured as 6 trailer trucks collide on Multan-Sukkur Motorway due to fog: Rescue 1122,dawn,2025-12-09,neutral,7 injur 6 trailer truck collid multan sukkur motorway due fog rescu 1122
1 injured after unknown assailants open fire on Senator Khurram Zeeshan’s in-laws’ home in Peshawar,dawn,2025-12-09,negative,1 injur unknown assail open fire senat khurram zeeshan law home peshawar
"Transparency International survey says police, tender and procurement, judiciary most corrupt sectors",dawn,2025-12-09,neutral,transpar intern survey say polic tender procur judiciari corrupt sector
"After Texas, Florida also declares Muslim advocacy group CAIR foreign terrorist organisation",dawn,2025-12-09,negative,texa florida also declar muslim advocaci group cair foreign terrorist organis
Thailand-Cambodia fighting spreads along contested border,dawn,2025-12-09,negative,thailand cambodia fight spread along contest border
PTI threatens to shun NA if cornered; speaker reiterates offer to mediate between govt and party,dawn,2025-12-09,negative,pti threaten shun na corner speaker reiter offer mediat govt parti
HEC backs KU findings in Justice Jahangiri’s degree case,dawn,2025-12-09,neutral,hec back ku find justic jahangiri degre case
RSF says Israel killed highest number of journalists again this year,dawn,2025-12-09,negative,rsf say israel kill highest number journalist year
What We Know So Far: Inside Benin’s Failed Coup Attempt,dawn,2025-12-09,negative,know far insid benin fail coup attempt
Gaza Ceasefire Explained: What Happens Next?,dawn,2025-12-09,negative,gaza ceasefir explain happen next
Border Closures & Big Shifts: The Pakistan–Afghanistan Economic Story,dawn,2025-12-09,neutral,border closur big shift pakistan afghanistan econom stori
How Unchecked Population Is Breaking Pakistan’s Economy,dawn,2025-12-09,neutral,uncheck popul break pakistan economi
"No Asylum, No Green Cards: Inside Trump’s Immigration Crackdown",dawn,2025-12-09,neutral,asylum green card insid trump immigr crackdown
Ceasefire or Cover-Up? Why Amnesty Says Gaza Genocide Continues,dawn,2025-12-09,negative,ceasefir cover amnesti say gaza genocid continu
Can Trump Really Cancel ‘Third World’ Immigration?,dawn,2025-12-09,neutral,trump realli cancel third world immigr
The open manhole that laid bare Karachi’s systemic rot,dawn,2025-12-09,neutral,open manhol laid bare karachi system rot
A new confrontation is brewing between the establishment and PTI,dawn,2025-12-09,positive,new confront brew establish pti
The emotional cost of feeling unseen at work,dawn,2025-12-09,neutral,emot cost feel unseen work
Rahul Gandhi’s Cinderella challenge,dawn,2025-12-09,neutral,rahul gandhi cinderella challeng
Dozens of young Bangladeshi men are said to be fighting for extremist outfits like TTP,dawn,2025-12-09,negative,dozen young bangladeshi men said fight extremist outfit like ttp
"Cinema, AI, and the art of choosing roles: Adrien Brody and Dakota Johnson open up at Red Sea Film Fest",dawn,2025-12-09,neutral,cinema ai art choos role adrien brodi dakota johnson open red sea film fest
Rekha relives Umrao Jaan in living colour at Red Sea International Film Festival in Jeddah,dawn,2025-12-09,neutral,rekha reliv umrao jaan live colour red sea intern film festiv jeddah
Editorial: Govt’s attempt to attribute fiscal woes to NFC Award attempt to obscure problems embedded in federal structure,dawn,2025-12-09,neutral,editori govt attempt attribut fiscal woe nfc award attempt obscur problem embed feder structur
‘Where the journey began’: Arshad comes a full circle at National Games,dawn,2025-12-09,neutral,journey began arshad come full circl nation game
"One Battle After Another, Sentimental Value lead Golden Globe nominations, The Voice of Hind Rajab receives nod",dawn,2025-12-09,positive,one battl anoth sentiment valu lead golden globe nomin voic hind rajab receiv nod
Paramount counters Netflix with hostile bid for Warner Bros,dawn,2025-12-09,negative,paramount counter netflix hostil bid warner bros
The crisis no one sees: How climate change is rewriting childhood in Pakistan,dawn,2025-12-09,negative,crisi one see climat chang rewrit childhood pakistan
Branded Content,dawn,2025-12-09,neutral,brand content
‘Cricket’s future has a new address’: Capital Smart City unveils a new performance centre,dawn,2025-12-09,positive,cricket futur new address capit smart citi unveil new perform centr
Sting and Mercedes-AMG PETRONAS F1 Team: A global partnership announced like never before — by a Car,dawn,2025-12-09,neutral,sting merced amg petrona f1 team global partnership announc like never car
Master Chery opens priority pre-booking registration for Pakistan’s largest super PHEV lineup,dawn,2025-12-09,neutral,master cheri open prioriti pre book registr pakistan largest super phev lineup
"FO rejects Indian foreign minister’s ‘inflammatory, misleading’ remarks about Pakistan’s armed forces",dawn,2025-12-09,positive,fo reject indian foreign minist inflammatori mislead remark pakistan arm forc
"YouTuber Ducky Bhai alleges physical, verbal abuse while in NCCIA custody",dawn,2025-12-09,neutral,youtub ducki bhai alleg physic verbal abus nccia custodi
Rupee to break Rs280 barrier against dollar,dawn,2025-12-09,positive,rupe break rs280 barrier dollar
"Transporters press ahead with wheel-jam strike in Islamabad, Rawalpindi tomorrow despite administration’s appeal",dawn,2025-12-09,negative,transport press ahead wheel jam strike islamabad rawalpindi tomorrow despit administr appeal
"Pakistan, Indonesia sign seven MoUs to boost bilateral cooperation",tribune,2025-12-09,positive,pakistan indonesia sign seven mous boost bilater cooper
Opp slams labeling politicians as 'security threat',tribune,2025-12-09,negative,opp slam label politician secur threat
Election Commission schedules Islamabad local polls for February 15,tribune,2025-12-09,negative,elect commiss schedul islamabad local poll februari 15
IHC issues stay order against CDA's operations in Muslim colony,tribune,2025-12-09,positive,ihc issu stay order cda oper muslim coloni
Gohar urges NA speaker to calm tempers,tribune,2025-12-09,neutral,gohar urg na speaker calm temper
Red carpet rolled out for Indonesian president,tribune,2025-12-09,neutral,red carpet roll indonesian presid
Gas cross-subsidy to end for domestic consumers by 2026,tribune,2025-12-09,neutral,gas cross subsidi end domest consum 2026
"PPP, PML-N harden their stance against PTI",tribune,2025-12-09,positive,ppp pml n harden stanc pti
IMF approves $1.3 billion loan,tribune,2025-12-09,negative,imf approv 1 3 billion loan
FCC sends Evacuee Trust Property case back to LHC for rehearing,tribune,2025-12-09,neutral,fcc send evacue trust properti case back lhc rehear
"Islamabad High Court issues notices to federal government, HEC, and Karachi University",tribune,2025-12-09,negative,islamabad high court issu notic feder govern hec karachi univers
Pakistani celebrities stand with Ducky Bhai,tribune,2025-12-09,neutral,pakistani celebr stand ducki bhai
Israeli forces raid UN Palestinian refugee agency building in East Jerusalem,tribune,2025-12-09,neutral,isra forc raid un palestinian refuge agenc build east jerusalem
"UCs to receive Rs100,000 monthly for manhole covers, streetlights",tribune,2025-12-09,neutral,uc receiv rs100 000 month manhol cover streetlight
Cop's son caught for car snatching in Karachi,tribune,2025-12-09,neutral,cop son caught car snatch karachi
"PSX jumps 1,200 points on IMF loan hopes",tribune,2025-12-09,positive,psx jump 1 200 point imf loan hope
Colours of Sindh flood the streets,tribune,2025-12-09,negative,colour sindh flood street
UN decries global apathy in 2026 aid appeal,tribune,2025-12-09,neutral,un decri global apathi 2026 aid appeal
Israeli spyware targets Pakistani human rights lawyer,tribune,2025-12-09,negative,isra spywar target pakistani human right lawyer
Waseem vows fearless World Cup push,tribune,2025-12-09,negative,waseem vow fearless world cup push
New comic book about Taylor Swift and Travis Kelce's relationship set to launch on singer's birthday,tribune,2025-12-09,positive,new comic book taylor swift travi kelc relationship set launch singer birthday
Giga Boutique Mall: Pakistan’s new lifestyle destination,tribune,2025-12-09,positive,giga boutiqu mall pakistan new lifestyl destin
Chief of Defence Forces,tribune,2025-12-09,neutral,chief defenc forc
"Gold prices climb again in local, international markets",tribune,2025-12-09,positive,gold price climb local intern market
How flawed LNG deals fuelled Pakistan’s Rs2.6tr gas-sector meltdown,tribune,2025-12-09,neutral,flaw lng deal fuell pakistan rs2 6tr gas sector meltdown
Ducky Bhai issues public apology after 100 days of silence,tribune,2025-12-09,neutral,ducki bhai issu public apolog 100 day silenc
Opposition Alliance warns of turning K-P into 'D-Chowk',tribune,2025-12-09,negative,opposit allianc warn turn k p chowk
Point of no return?,tribune,2025-12-09,neutral,point return
CDF Field Marshal Asim Munir warns India of stronger response in future conflicts,tribune,2025-12-09,negative,cdf field marshal asim munir warn india stronger respons futur conflict
"Chenab River surges as India releases dam water, flow hits 58,300 cusecs",tribune,2025-12-09,neutral,chenab river surg india releas dam water flow hit 58 300 cusec
UK court orders Adil Raja to publicly apologise to retired Pak Army officer,tribune,2025-12-09,negative,uk court order adil raja public apologis retir pak armi offic
E-Publications,tribune,2025-12-09,neutral,e public
Spillovers of the patriarchal paradise,tribune,2025-12-09,neutral,spillov patriarch paradis
World fisheries day: Balochistan’s vanishing catch,tribune,2025-12-09,neutral,world fisheri day balochistan vanish catch
The big themes of 2026 cinema,tribune,2025-12-09,neutral,big theme 2026 cinema
The YouTube show that sparked a nation,tribune,2025-12-09,neutral,youtub show spark nation
How not to make a comeback film,tribune,2025-12-09,neutral,make comeback film
The brains we build and lose,tribune,2025-12-09,neutral,brain build lose
Balochi in the digital age: Inside the struggle to preserve a language,tribune,2025-12-09,neutral,balochi digit age insid struggl preserv languag
Between Files and Melodies: The singing civil servant from Balochistan,tribune,2025-12-09,neutral,file melodi sing civil servant balochistan
Zohran Mamdani: A Blueprint for the Future of Progressive Politics?,tribune,2025-12-09,positive,zohran mamdani blueprint futur progress polit
Tanzania crackdown on planned protest leaves streets deserted,bbc,2025-12-09,negative,tanzania crackdown plan protest leav street desert
Who has made Troy's Premier League team of the week?,bbc,2025-12-09,neutral,made troy premier leagu team week
Why Alonso's chances of survival at Real Madrid are slim,bbc,2025-12-09,neutral,alonso chanc surviv real madrid slim
'Disgraceful' Salah comments caused 'carnage' - pundits,bbc,2025-12-09,neutral,disgrac salah comment caus carnag pundit
Norris keen to 'live a normal few days' and 'forget I drive in F1',bbc,2025-12-09,neutral,norri keen live normal day forget drive f1
Hurts loses ball twice on same play as Eagles beaten,bbc,2025-12-09,neutral,hurt lose ball twice play eagl beaten
The BBC is in multiple languages,bbc,2025-12-09,neutral,bbc multipl languag
NCCIA senior official removed over ‘complaints’,dawn,2025-12-09,neutral,nccia senior offici remov complaint
Afghan flare-up,dawn,2025-12-09,neutral,afghan flare
Civil discourse,dawn,2025-12-09,neutral,civil discours
Pakistan to sell excess gas in international markets from January 1: petroleum minister,dawn,2025-12-09,neutral,pakistan sell excess gas intern market januari 1 petroleum minist
"Journalists, PTI leader declared absconders",dawn,2025-12-09,positive,journalist pti leader declar abscond
Turning point for business climate,dawn,2025-12-09,neutral,turn point busi climat
"PTI under fire as political figures show solidarity with armed forces, assail party for alleged conspiracy",dawn,2025-12-09,negative,pti fire polit figur show solidar arm forc assail parti alleg conspiraci
"Equipment, weapons left behind by US in Afghanistan now form core of Taliban’s security apparatus: watchdog",dawn,2025-12-09,negative,equip weapon left behind us afghanistan form core taliban secur apparatus watchdog
India’s ‘new normal’ doctrine destabilises nuclear South Asia: CISS,dawn,2025-12-09,positive,india new normal doctrin destabilis nuclear south asia ciss
Beyond the notification storm,dawn,2025-12-09,neutral,beyond notif storm
Pakistan establishes first lab for solar modules,dawn,2025-12-09,neutral,pakistan establish first lab solar modul
"Centre’s own spending rises amid austerity, restructuring",dawn,2025-12-09,neutral,centr spend rise amid auster restructur
45 arrested as citizens clash with police during Sindh Culture Day rally,dawn,2025-12-09,negative,45 arrest citizen clash polic sindh cultur day ralli
New internal security order,dawn,2025-12-09,positive,new intern secur order
PTI’s future assessed at Jati Umra huddle,dawn,2025-12-09,neutral,pti futur assess jati umra huddl
"UK universities restrict recruitment of Pakistani, Bangladeshi students",dawn,2025-12-09,negative,uk univers restrict recruit pakistani bangladeshi student
Victims’ families pardon IHC judge’s son in hit-and-run case,dawn,2025-12-09,negative,victim famili pardon ihc judg son hit run case
"‘Imran Khan not a security threat’: PTI deplores ‘ridiculous’ allegations, laments democracy’s backward slide",dawn,2025-12-09,negative,imran khan secur threat pti deplor ridicul alleg lament democraci backward slide
Tempest in a teacup,dawn,2025-12-09,neutral,tempest teacup
"Pakistan, US agree to intensify cooperation on security, immigration",dawn,2025-12-09,neutral,pakistan us agre intensifi cooper secur immigr
Rahul’s Cinderella challenge,dawn,2025-12-09,neutral,rahul cinderella challeng
Stalemate continues,dawn,2025-12-09,neutral,stalem continu
A federal kangaroo,dawn,2025-12-09,neutral,feder kangaroo
Superpower China?,dawn,2025-12-09,neutral,superpow china
An unsettled world in 2026,dawn,2025-12-09,neutral,unsettl world 2026
Rising fiscal strain,dawn,2025-12-09,neutral,rise fiscal strain
Partners in health,dawn,2025-12-09,neutral,partner health
American leftovers,dawn,2025-12-09,neutral,american leftov
Reviving Basant,dawn,2025-12-09,neutral,reviv basant
Shifting priorities,dawn,2025-12-09,neutral,shift prioriti
MEGA worries,dawn,2025-12-09,neutral,mega worri
Darkness for women,dawn,2025-12-09,neutral,dark women
Population growth puts strain on Pakistan’s water resources: ADB,dawn,2025-12-09,positive,popul growth put strain pakistan water resourc adb
PM okays power projects for GB and Gwadar,dawn,2025-12-09,neutral,pm okay power project gb gwadar
2 power firms fined for failing to avert blackout,dawn,2025-12-09,negative,2 power firm fine fail avert blackout
Sugar prices start easing as cane crushing picks up momentum,dawn,2025-12-09,neutral,sugar price start eas cane crush pick momentum
Exports to five central Asian states contract,dawn,2025-12-09,neutral,export five central asian state contract
"Nine-year-old Kainat defies heat and logic with National Games 10,000m bronze",dawn,2025-12-09,neutral,nine year old kainat defi heat logic nation game 10 000m bronz
‘Cherry on top’: Noreen Hussain secures homecoming gold at National Games,dawn,2025-12-09,neutral,cherri top noreen hussain secur homecom gold nation game
"Javelin star Arshad Nadeem rouses crowd, wins gold at National Games",dawn,2025-12-09,positive,javelin star arshad nadeem rous crowd win gold nation game
"Suryakumar declares Gill, Pandya fit for South Africa T20 series opener",dawn,2025-12-09,negative,suryakumar declar gill pandya fit south africa t20 seri open
Shakib wants home farewell series before ending career,dawn,2025-12-09,neutral,shakib want home farewel seri end career
Owners fled after nightclub blaze killed 25 in India’s Goa: police,dawn,2025-12-09,negative,owner fled nightclub blaze kill 25 india goa polic
Japan lifts tsunami warning after 7.5-magnitude earthquake,dawn,2025-12-09,negative,japan lift tsunami warn 7 5 magnitud earthquak
European allies back Zelensky after Trump criticism,dawn,2025-12-09,neutral,european alli back zelenski trump critic
Going back in time on the banks of the Indus,dawn,2025-12-09,negative,go back time bank indus
The rise and ruin of Keti Bunder,dawn,2025-12-09,neutral,rise ruin keti bunder
How humans can control risks arising from AI,dawn,2025-12-09,negative,human control risk aris ai
Explainer: How Netflix won Hollywood’s biggest prize,dawn,2025-12-09,neutral,explain netflix hollywood biggest prize
EU hits Musk’s X with 120m euro fine,dawn,2025-12-09,neutral,eu hit musk x 120m euro fine
URDU’S BATTLE BETWEEN NASKH AND NASTALEEQ,dawn,2025-12-09,neutral,urdu battl naskh nastaleeq
MILITANCY: BANGLADESH’S MILITANT PIPELINE TO PAKISTAN,dawn,2025-12-09,negative,milit bangladesh milit pipelin pakistan
TENNIS: THE GOAT OF PAK TENNIS,dawn,2025-12-09,neutral,tenni goat pak tenni
SPOTLIGHT: WHERE THE STREET KNOWS YOUR NAME,dawn,2025-12-09,neutral,spotlight street know name
THE GRAPEVINE,dawn,2025-12-09,neutral,grapevin
COMPANY NEWS,dawn,2025-12-09,positive,compani news
"CORPORATE WINDOW: Rising imports, burning reserves",dawn,2025-12-09,positive,corpor window rise import burn reserv
Dovetailing economic growth with stability,dawn,2025-12-09,positive,dovetail econom growth stabil
Wonder Craft: Paper cup dustbin,dawn,2025-12-09,neutral,wonder craft paper cup dustbin
Story time : Turning point,dawn,2025-12-09,neutral,stori time turn point
Story time : Spread awareness,dawn,2025-12-09,negative,stori time spread awar
Thanking the ones who made the journey worth it,dawn,2025-12-09,neutral,thank one made journey worth
The journey from the first to the last over the past 27 years,dawn,2025-12-09,neutral,journey first last past 27 year
The book of advertising,dawn,2025-12-09,neutral,book advertis
Nvidia welcomes approval to ship H200 chips to China,dawn,2025-12-09,neutral,nvidia welcom approv ship h200 chip china
China seen through a Ukrainian lens,dawn,2025-12-09,neutral,china seen ukrainian len
From concept to action,dawn,2025-12-09,neutral,concept action
Mbappe face Haaland in UCL showdown,tribune,2025-12-09,neutral,mbapp face haaland ucl showdown
Bureaucracy in the Amazon,tribune,2025-12-09,neutral,bureaucraci amazon
How Sindh police is driving change,tribune,2025-12-09,neutral,sindh polic drive chang
How KP’s privately run museums are preserving pashtun heritage,tribune,2025-12-09,neutral,kp privat run museum preserv pashtun heritag
Afghan girls who defied the odds,tribune,2025-12-09,neutral,afghan girl defi odd
Ghost commitments: Pakistan’s child rights crisis,tribune,2025-12-09,negative,ghost commit pakistan child right crisi
"Hungry mothers and dirty wards - maternity care 'much worse' than anticipated, review chief says",bbc,2025-12-09,negative,hungri mother dirti ward matern care much wors anticip review chief say
Branding and logo for Great British Railways unveiled,bbc,2025-12-09,positive,brand logo great british railway unveil
Flu season has come early - should you buy a vaccine this year?,bbc,2025-12-09,neutral,flu season come earli buy vaccin year
"Ben & Jerry's brand could be destroyed under Magnum, says co-founder",bbc,2025-12-09,negative,ben jerri brand could destroy magnum say co founder
Nothing beats it - can you guess what's been named TikTok's UK song of the year?,bbc,2025-12-09,neutral,noth beat guess name tiktok uk song year
Does Scotland's 'Instagram Highway' need a reboot?,bbc,2025-12-09,neutral,scotland instagram highway need reboot
"Living off grid is not a dream, it's a nightmare",bbc,2025-12-09,neutral,live grid dream nightmar
Christmas shoppers turn to AI for those hard-to-buy-for people,bbc,2025-12-09,neutral,christma shopper turn ai hard buy peopl
The Papers: 'A critical moment' for Ukraine and 'Southport families' courage',bbc,2025-12-09,neutral,paper critic moment ukrain southport famili courag
Fines issued after disabled bay painted around car while owner was on holiday,bbc,2025-12-09,negative,fine issu disabl bay paint around car owner holiday
Bishop accused of bullying faces fresh misconduct claims,bbc,2025-12-09,neutral,bishop accus bulli face fresh misconduct claim
Sweaty Betty in new dispute over ad slogans,bbc,2025-12-09,neutral,sweati betti new disput ad slogan
Gran punched by pregnant attacker at funeral disgusted at sentence,bbc,2025-12-09,negative,gran punch pregnant attack funer disgust sentenc
BBC News app,bbc,2025-12-09,positive,bbc news app
Trump v Europe?,bbc,2025-12-09,neutral,trump v europ
Has Trump just made the US/Europe breakup official?,bbc,2025-12-09,neutral,trump made us europ breakup offici
The story of Britain’s biggest mass poisoning,bbc,2025-12-09,neutral,stori britain biggest mass poison
How a high-flyer’s charm became a tool of deception,bbc,2025-12-09,neutral,high flyer charm becam tool decept
Voting open for World Sport Star of the Year - meet the contenders,bbc,2025-12-09,neutral,vote open world sport star year meet contend
ECP announces schedule for LG polls in Islamabad,dawn,2025-12-09,negative,ecp announc schedul lg poll islamabad
PTI threatens to shun assembly if cornered,dawn,2025-12-09,negative,pti threaten shun assembl corner
HEC backs KU findings in judge’s degree case,dawn,2025-12-09,neutral,hec back ku find judg degre case
Pakistan to receive $64.9m under $33bn UN humanitarian appeal,dawn,2025-12-09,neutral,pakistan receiv 64 9m 33bn un humanitarian appeal
"Karachi’s 246 UCs to get Rs100,000 per month for manhole lids, lights",dawn,2025-12-09,neutral,karachi 246 uc get rs100 000 per month manhol lid light
"IBCC decides to remove bar of arts, science for admissions at Inter level",dawn,2025-12-09,neutral,ibcc decid remov bar art scienc admiss inter level
PTI says ‘minus-Imran’ formula recipe for political turmoil,dawn,2025-12-09,neutral,pti say minus imran formula recip polit turmoil
Full house witnesses Justice Aurangzeb’s elevation to Supreme Court,dawn,2025-12-09,negative,full hous wit justic aurangzeb elev suprem court
Pakistan did not benefit from PTI ‘project’: Aqeel Malik,dawn,2025-12-09,positive,pakistan benefit pti project aqeel malik
"Punjab transporters call off wheel-jam strike after talks with provincial govt, ‘acceptance of demands’",dawn,2025-12-09,negative,punjab transport call wheel jam strike talk provinci govt accept demand
Punjab Safe Cities Authority seeks cybercrime help after attempts to defraud citizens with fake traffic fines,dawn,2025-12-09,positive,punjab safe citi author seek cybercrim help attempt defraud citizen fake traffic fine
"Saudi Arabia, Qatar sign high-speed rail deal to link capitals",dawn,2025-12-09,neutral,saudi arabia qatar sign high speed rail deal link capit
IHC declares plea questioning legitimacy of Justice Tariq Mehmood Jahangiri’s law degree maintainable,dawn,2025-12-09,neutral,ihc declar plea question legitimaci justic tariq mehmood jahangiri law degre maintain
Trump pleads not guilty to 34 felony counts,cnn,2025-12-09,neutral,trump plead guilti 34 feloni count
Haberman reveals why Trump attacked judge and his family in speech,cnn,2025-12-09,negative,haberman reveal trump attack judg famili speech
What to know about the Trump indictment on the eve of his court appearance,cnn,2025-12-09,negative,know trump indict eve court appear
READ: Trump indictment related to hush money payment,cnn,2025-12-09,neutral,read trump indict relat hush money payment
Russian authorities detain suspect over St. Petersburg cafe blast,cnn,2025-12-09,negative,russian author detain suspect st petersburg cafe blast
Video shows moment of deadly explosion at cafe in Russia,cnn,2025-12-09,negative,video show moment dead explos cafe russia
"Wall Street Journal reporter Evan Gershkovich appeals against arrest, Russian state media says",cnn,2025-12-09,neutral,wall street journal report evan gershkovich appeal arrest russian state media say
Suspected Chinese spy balloon was able to transmit information back to Beijing,cnn,2025-12-09,negative,suspect chines spi balloon abl transmit inform back beij
Beijing promised to 'fight back' over Taiwan leader's US visit. But this time it has more to lose,cnn,2025-12-09,positive,beij promis fight back taiwan leader us visit time lose
"'Scary, cold, hungry and lonely': Volunteer soldier shares experience on front line",cnn,2025-12-09,neutral,scari cold hungri lone volunt soldier share experi front line
The four astronauts NASA picked for the first crewed moon mission in 50 years,cnn,2025-12-09,neutral,four astronaut nasa pick first crew moon mission 50 year
French minister under fire for Playboy magazine cover,cnn,2025-12-09,negative,french minist fire playboy magazin cover
Why did Finland's PM lose? Reporter explains the key issue voters cared about,cnn,2025-12-09,neutral,finland pm lose report explain key issu voter care
Britain's pound is beating every other major currency this year,cnn,2025-12-09,neutral,britain pound beat everi major currenc year
Finland's Prime Minister Sanna Marin concedes election,cnn,2025-12-09,neutral,finland prime minist sanna marin conced elect
Hundreds of millions at risk from Chinese shopping app malware,cnn,2025-12-09,negative,hundr million risk chines shop app malwar
The $500 billion beauty industry's 'green' ambitions are a patchwork at best. And they're falling short,cnn,2025-12-09,neutral,500 billion beauti industri green ambit patchwork best fall short
A new approach to a Covid-19 nasal vaccine shows early promise,cnn,2025-12-09,positive,new approach covid 19 nasal vaccin show earli promis
Video shows moment man throws yogurt on two women in Iran,cnn,2025-12-09,neutral,video show moment man throw yogurt two women iran
"Israeli military veterans, a backbone of protest movement, vow to keep demonstrating",cnn,2025-12-09,negative,isra militari veteran backbon protest movement vow keep demonstr
Erdogan's political fate may be determined by Turkey's Kurds,cnn,2025-12-09,neutral,erdogan polit fate may determin turkey kurd
Dogecoin jumps after Elon Musk replaces Twitter bird with Shiba Inu,cnn,2025-12-09,neutral,dogecoin jump elon musk replac twitter bird shiba inu
Micron Technology: China probes US chip maker for cybersecurity risks as tech tension escalates,cnn,2025-12-09,negative,micron technolog china probe us chip maker cybersecur risk tech tension escal
Man rides out tornado inside van. See the footage,cnn,2025-12-09,neutral,man ride tornado insid van see footag
"China Renaissance suspends trading, delays results after founder's disappearance",cnn,2025-12-09,neutral,china renaiss suspend trade delay result founder disappear
HSBC's top execs face tense shareholders calling for a breakup,cnn,2025-12-09,neutral,hsbc top exec face tens sharehold call breakup
Lawmaker speaks out about his struggle with depression,cnn,2025-12-09,neutral,lawmak speak struggl depress
CEOs are tired of being held responsible for gun regulation,cnn,2025-12-09,neutral,ceo tire held respons gun regul
What pet cemeteries reveal about being human,cnn,2025-12-09,neutral,pet cemeteri reveal human
Scientists film deepest ever fish on seabed off Japan,cnn,2025-12-09,neutral,scientist film deepest ever fish seab japan
What OPEC's surprise oil cut means for gas prices,cnn,2025-12-09,neutral,opec surpris oil cut mean gas price
Palestinian taxi driver recounts surviving attack by right-wing protesters,cnn,2025-12-09,negative,palestinian taxi driver recount surviv attack right wing protest
Giving Marjorie Taylor Greene a platform isn't good for America,cnn,2025-12-09,positive,give marjori taylor green platform good america
These are the animals people most want to see photographed,cnn,2025-12-09,neutral,anim peopl want see photograph
"Syrian refugee elected mayor of German town, years after fleeing war",cnn,2025-12-09,negative,syrian refuge elect mayor german town year flee war
"Study finds slightly higher risk of autism diagnosis in areas with more lithium in drinking water, but experts say more research is needed",cnn,2025-12-09,negative,studi find slight higher risk autism diagnosi area lithium drink water expert say research need
"Kwame Brathwaite, photographer of 'Black is Beautiful' movement, dies at 85",cnn,2025-12-09,neutral,kwame brathwait photograph black beauti movement die 85
This boiled bag of offal is banned in the US. In Scotland it's a fine-dining treat,cnn,2025-12-09,negative,boil bag offal ban us scotland fine dine treat
Musk's Twitter promised a purge of blue check marks. Instead he singled out the New York Times,cnn,2025-12-09,positive,musk twitter promis purg blue check mark instead singl new york time
See the world's deepest fish,cnn,2025-12-09,neutral,see world deepest fish
Emma Heming Willis shares family photos as daughter Mabel turns 11,cnn,2025-12-09,negative,emma heme willi share famili photo daughter mabel turn 11
Some fans whistle as Lionel Messi's name is announced as Paris Saint-Germain's season hits new low,cnn,2025-12-09,positive,fan whistl lionel messi name announc pari saint germain season hit new low
Chelsea searches for new manager as Premier League breaks record for most sackings in a single season,cnn,2025-12-09,positive,chelsea search new manag premier leagu break record sack singl season
See 'Star Wars' legend react to Acosta's Darth Vader impression,cnn,2025-12-09,negative,see star war legend react acosta darth vader impress
Angel Reese defends gesture directed towards Caitlin Clark after LSU national title win; calls out double standard after being 'unapologetically' her,cnn,2025-12-09,neutral,angel rees defend gestur direct toward caitlin clark lsu nation titl win call doubl standard unapologet
Teenage swimmer breaks two world records in four days,cnn,2025-12-09,neutral,teenag swimmer break two world record four day
The haunting Masters meltdown that changed Rory McIlroy's career,cnn,2025-12-09,neutral,haunt master meltdown chang rori mcilroy career
A snowboarder got buried upside down in snow. See skier's quick reaction.,cnn,2025-12-09,neutral,snowboard got buri upsid snow see skier quick reaction
2023 March Madness: Will UConn or San Diego State triumph in the national championship game that 'means everything?',cnn,2025-12-09,neutral,2023 march mad uconn san diego state triumph nation championship game mean everyth
Shania Twain calls for equal pay and more diversity in country music,cnn,2025-12-09,neutral,shania twain call equal pay divers countri music
Florida lists Muslim rights group CAIR a ‘terror organisation’,aljazeera,2025-12-09,negative,florida list muslim right group cair terror organis
Millions of people in post-Assad Syria are still displaced,aljazeera,2025-12-09,negative,million peopl post assad syria still displac
Israel remained leading killer of journalists in 2025: RSF,aljazeera,2025-12-09,negative,israel remain lead killer journalist 2025 rsf
How much money will it take to rebuild Syria?,aljazeera,2025-12-09,negative,much money take rebuild syria
"Turkiye jails footballers Baltaci, Yandas pending trial in betting probe",aljazeera,2025-12-09,negative,turkiy jail footbal baltaci yanda pend trial bet probe
Australia’s social media ban,aljazeera,2025-12-09,negative,australia social media ban
Israel attacked Syria more than 600 times over the past year,aljazeera,2025-12-09,negative,israel attack syria 600 time past year
"2025 on track to tie for second hottest year on record, EU monitor says",aljazeera,2025-12-09,neutral,2025 track tie second hottest year record eu monitor say
Benin’s real coup already happened under President Talon,aljazeera,2025-12-09,neutral,benin real coup alreadi happen presid talon
"Fernandes, Manchester United crush Wolves, go sixth on ladder",aljazeera,2025-12-09,neutral,fernand manchest unit crush wolv go sixth ladder
Al Jazeera reports from Aceh Tamiang as flood survivors face new dangers,aljazeera,2025-12-09,negative,al jazeera report aceh tamiang flood survivor face new danger
Death roll rises as renewed hostilities flare along Thai-Cambodia border,aljazeera,2025-12-09,neutral,death roll rise renew hostil flare along thai cambodia border
Record numbers of Ukrainians desert army amid losses to Russia,aljazeera,2025-12-09,negative,record number ukrainian desert armi amid loss russia
Syrian people “will not settle before” justice is served,aljazeera,2025-12-09,negative,syrian peopl settl justic serv
"Israel’s ex-PM Ehud Barak and Epstein had close relationship, emails reveal",aljazeera,2025-12-09,neutral,israel ex pm ehud barak epstein close relationship email reveal
Israel launches wave of air strikes in south Lebanon,aljazeera,2025-12-09,negative,israel launch wave air strike south lebanon
"Attack kills six Pakistani soldiers, raises tension with Afghanistan",aljazeera,2025-12-09,negative,attack kill six pakistani soldier rais tension afghanistan
Analysis: Bangladesh’s BNP seeks Hasina’s liberal mantle before elections,aljazeera,2025-12-09,negative,analysi bangladesh bnp seek hasina liber mantl elect
Woman linked to Trump Press Secretary Leavitt freed by immigration agency,aljazeera,2025-12-09,neutral,woman link trump press secretari leavitt freed immigr agenc
US court orders Trump admin to restore Rumeysa Ozturk’s student status,aljazeera,2025-12-09,neutral,us court order trump admin restor rumeysa ozturk student status
Cuba sentences ex-economy minister to life in prison for espionage,aljazeera,2025-12-09,negative,cuba sentenc ex economi minist life prison espionag
"Thailand-Cambodia live: Renewed fighting kills more civilians, soldiers",aljazeera,2025-12-09,negative,thailand cambodia live renew fight kill civilian soldier
Satellite images show the scale of destruction from Asia floods,aljazeera,2025-12-09,negative,satellit imag show scale destruct asia flood
Honduras issues arrest warrant for ex-president Hernandez after US pardon,aljazeera,2025-12-09,negative,hondura issu arrest warrant ex presid hernandez us pardon
"Israel launches new wave of air attacks on Lebanon, straining fragile truce",aljazeera,2025-12-09,negative,israel launch new wave air attack lebanon strain fragil truce
Muhammad Hashir secures bronze for Pakistan at IJSO 2025,geo,2025-12-09,neutral,muhammad hashir secur bronz pakistan ijso 2025
IHC declares Justice Jahangiri's 'invalid' degree case admissible,geo,2025-12-09,neutral,ihc declar justic jahangiri invalid degre case admiss
"Abbottabad woman doctor killed within hour of abduction, reveals DPO",geo,2025-12-09,negative,abbottabad woman doctor kill within hour abduct reveal dpo
"Pakistan, Indonesia sign wide-ranging agreements to bolster cooperation",geo,2025-12-09,positive,pakistan indonesia sign wide rang agreement bolster cooper
ECP announces to hold LG polls in Islamabad on February 15,geo,2025-12-09,negative,ecp announc hold lg poll islamabad februari 15
KP risks governor's rule if provincial govt resists cooperation: Kundi,geo,2025-12-09,negative,kp risk governor rule provinci govt resist cooper kundi
"TIP NCPS 2025 finds economy stable; police, tendering seen as most corrupt",geo,2025-12-09,neutral,tip ncps 2025 find economi stabl polic tender seen corrupt
"PML-N hasn't sidelined Nawaz Sharif, says Aqeel Malik",geo,2025-12-09,neutral,pml n sidelin nawaz sharif say aqeel malik
New USEFP building symbolises 'spirit of collaboration' in Pak-US educational ties: minister,geo,2025-12-09,positive,new usefp build symbolis spirit collabor pak us educ tie minist
Cannot rule out treason case against PTI founder: PM's aide,geo,2025-12-09,positive,cannot rule treason case pti founder pm aid
"Per capita water availability declines amid population surge, NA told",geo,2025-12-09,neutral,per capita water avail declin amid popul surg na told
"Punjab IG places province on high alert, directs sweep and combing operations",geo,2025-12-09,neutral,punjab ig place provinc high alert direct sweep comb oper
7-year-old dies in South Waziristan due to 'lack of facilities' in govt hospital,geo,2025-12-09,neutral,7 year old die south waziristan due lack facil govt hospit
Minister warns 'one prisoner' may be transferred if Adiala inmates 'endangered',geo,2025-12-09,negative,minist warn one prison may transfer adiala inmat endang
'Think about democracy': Gohar dismisses 'minus-Imran' notion,geo,2025-12-09,neutral,think democraci gohar dismiss minus imran notion
Indonesian President Subianto arrives in Islamabad on two-day maiden visit,geo,2025-12-09,negative,indonesian presid subianto arriv islamabad two day maiden visit
"Pakistan's response will be 'more severe' next time, CDF warns India at GHQ ceremony",geo,2025-12-09,negative,pakistan respons sever next time cdf warn india ghq ceremoni
12 suspected terrorists linked to Indian spy agency RAW arrested in Punjab raids: CTD,geo,2025-12-09,negative,12 suspect terrorist link indian spi agenc raw arrest punjab raid ctd
Transporters 'end strike' as Punjab govt 'halts' implementation of heavy fines,geo,2025-12-09,negative,transport end strike punjab govt halt implement heavi fine
"Small provinces will 'definitely' be formed, says minister",geo,2025-12-09,negative,small provinc definit form say minist
ویرات کوہلی نے 933 کروڑ روپے سے زائد کی آفر کیوں ٹھکرائی؟ وجہ سامنے آگئی,express,2025-12-09,neutral,933
ایمرجنسی سروس ایکٹ 2006 میں ترامیم کا بل پنجاب اسمبلی سے منظور,express,2025-12-09,neutral,2006
1971 کی اصل کہانی، غازی کی زبانی: تہار جیل کی اذیتوں سے محاذِ جنگ تک,express,2025-12-09,neutral,1971
شکارپور؛ پولیس مقابلے میں 8 ڈاکو ہلاک، خاتون ڈی ایس پی بھی زخمی,express,2025-12-09,neutral,8
پاکستان کوسٹ گارڈز نے ایک ماہ میں 17 لاکھ لیٹر سے زائد ایرانی ڈیزل کی اسمگلنگ ناکام بنادی,express,2025-12-09,neutral,17
برطانیہ: 15 سالہ لڑکی کو اغوا کرکے جنسی زیادتی کا نشانہ بنانے والے افغان نوجوانوں کو سزا سنادی گئی,express,2025-12-09,neutral,15
جج کے چیمبر سے 2 سیب اور ایک ہینڈ واش چوری، مقدمہ درج,express,2025-12-09,neutral,2
کارکنوں کی ترسیلات زر میں سالانہ بنیادوں پر نومبر کے دوران 9.4 فیصد اضافہ,express,2025-12-09,neutral,9 4
پولیس کا منشیات فروشوں کے خلاف بڑا کریک ڈاؤن، 8 سپلائرز گرفتار,express,2025-12-09,neutral,8
England and Spurs' Naz out for season with ACL injury,bbc_sport,2025-12-09,negative,england spur naz season acl injuri
Man Utd score four as winless Wolves booed,bbc_sport,2025-12-09,positive,man utd score four winless wolv boo
Non-league Macclesfield to host holders Palace in FA Cup third round,bbc_sport,2025-12-09,neutral,non leagu macclesfield host holder palac fa cup third round
'I understand their anger' - Edwards on Wolves fans' boos,bbc_sport,2025-12-09,negative,understand anger edward wolv fan boo
Shade scores hat-trick as Burton beat non-league Brackley,bbc_sport,2025-12-09,neutral,shade score hat trick burton beat non leagu brackley
Amorim hails Mount after win at Wolves,bbc_sport,2025-12-09,positive,amorim hail mount win wolv
Villa could still go up another level - Sutton,bbc_sport,2025-12-09,negative,villa could still go anoth level sutton
'Winning made everything worth it' - Norris on world title triumph,bbc_sport,2025-12-09,positive,win made everyth worth norri world titl triumph
Williamson to play for first time since Euro final,bbc_sport,2025-12-09,negative,williamson play first time sinc euro final
Norris is 'only just getting going' - and rank British world champions,bbc_sport,2025-12-09,neutral,norri get go rank british world champion
England's 'Bazball' message dead - Agnew column,bbc_sport,2025-12-09,neutral,england bazbal messag dead agnew column
Winless Wolves are breaking records - but how bad can things get?,bbc_sport,2025-12-09,neutral,winless wolv break record bad thing get
Premier League pair eye Diomande - Tuesday's gossip,bbc_sport,2025-12-09,neutral,premier leagu pair eye diomand tuesday gossip
What did we learn from the Champions Cup's opening weekend?,bbc_sport,2025-12-09,neutral,learn champion cup open weekend
All World Cup matches to have hydration breaks,bbc_sport,2025-12-09,neutral,world cup match hydrat break
England cannot have 'glass jaw' - McCullum,bbc_sport,2025-12-09,neutral,england cannot glass jaw mccullum
Injured Stuart a doubt for England's Six Nations campaign,bbc_sport,2025-12-09,negative,injur stuart doubt england six nation campaign
Rodgers keeps hopes alive but end of the line for Chiefs? Best of NFL week 14,bbc_sport,2025-12-09,positive,rodger keep hope aliv end line chief best nfl week 14
LIV hope for rankings 'solution' by 2026 season,bbc_sport,2025-12-09,positive,liv hope rank solut 2026 season
Bellamy hopes to renew feud with Canada's Marsch,bbc_sport,2025-12-09,positive,bellami hope renew feud canada marsch
'Disrespectful' Salah comments threw club under bus - Rooney,bbc_sport,2025-12-09,neutral,disrespect salah comment threw club bus rooney
Smith & Blackstenius star in WSL goals of the week,bbc_sport,2025-12-09,neutral,smith blackstenius star wsl goal week
"'This is not my world championship, this is ours'",bbc_sport,2025-12-09,neutral,world championship
'Salah's put his team-mates in jeopardy' - Coady,bbc_sport,2025-12-09,neutral,salah put team mate jeopardi coadi
'That's life' - Verstappen and Piastri react to missing out on title,bbc_sport,2025-12-09,neutral,life verstappen piastri react miss titl
How Norris achieved his lifetime's ambition by 'winning it my way',bbc_sport,2025-12-09,positive,norri achiev lifetim ambit win way
The most iconic and explosive Premier League outbursts,bbc_sport,2025-12-09,neutral,icon explos premier leagu outburst
Neymar needs surgery but 'might have saved World Cup',bbc_sport,2025-12-09,neutral,neymar need surgeri might save world cup
Batchelor ready to take on Balbali at PFL Lyon,bbc_sport,2025-12-09,neutral,batchelor readi take balbali pfl lyon
Cheltenham race named in honour of Hunt Family Fund,bbc_sport,2025-12-09,neutral,cheltenham race name honour hunt famili fund
2026 World Cup 'Pride Match' to feature Egypt and Iran,bbc_sport,2025-12-09,neutral,2026 world cup pride match featur egypt iran
Aberdeen hope for 'big step forward' in stadium plan,bbc_sport,2025-12-09,neutral,aberdeen hope big step forward stadium plan
Guehi scores late header to secure Crystal Palace win over Fulham,bbc_sport,2025-12-09,positive,guehi score late header secur crystal palac win fulham
Brighton equalise in stoppage time against West Ham,bbc_sport,2025-12-09,positive,brighton equalis stoppag time west ham
Nine-man Real Madrid implode in home defeat to Celta Vigo,bbc_sport,2025-12-09,neutral,nine man real madrid implod home defeat celta vigo
England soundly beaten by Australia in second Test drubbing,bbc_sport,2025-12-09,neutral,england sound beaten australia second test drub
Watch the key moments as Selby beats Trump in UK Championship final,bbc_sport,2025-12-09,neutral,watch key moment selbi beat trump uk championship final
Everton end Chelsea's record breaking undefeated run,bbc_sport,2025-12-09,neutral,everton end chelsea record break undef run
'Everyone follows fashion' - is Premier League better now than 20 years ago?,bbc_sport,2025-12-09,neutral,everyon follow fashion premier leagu better 20 year ago
Salah is destroying his legacy - Rooney,bbc_sport,2025-12-09,negative,salah destroy legaci rooney
Dickens says he has been upgraded to world champion,bbc_sport,2025-12-09,positive,dicken say upgrad world champion
Joey Barton gets suspended sentence over X posts,bbc_sport,2025-12-09,neutral,joey barton get suspend sentenc x post
All you need to know about Afcon 2025,bbc_sport,2025-12-09,neutral,need know afcon 2025
Quiz: How well do you know F1 champion Norris?,bbc_sport,2025-12-09,neutral,quiz well know f1 champion norri
"'Future of darts' - Lawrie, 15, denied world title",bbc_sport,2025-12-09,neutral,futur dart lawri 15 deni world titl
Rebrand for golf course named after former prince Andrew,bbc_sport,2025-12-09,neutral,rebrand golf cours name former princ andrew
Ruling on Cardiff's Sala court case against Nantes due in March,bbc_sport,2025-12-09,neutral,rule cardiff sala court case nant due march
'He'll respond' - Smyth to make home NFL debut,bbc_sport,2025-12-09,neutral,respond smyth make home nfl debut
"What led to the tragic death of Friends star, Matthew Perry?",bbc_sport,2025-12-09,negative,led tragic death friend star matthew perri
Prepare delicious Christmas gifts with Dame Mary Berry,bbc_sport,2025-12-09,neutral,prepar delici christma gift dame mari berri
'England in battle to avoid worst Ashes tour in modern times',bbc_sport,2025-12-09,negative,england battl avoid worst ash tour modern time
"Backed by his family, propelled by his talent - the rise of Norris",bbc_sport,2025-12-09,neutral,back famili propel talent rise norri
Nancy suffers nightmare debut as his Celtic challenge laid bare,bbc_sport,2025-12-09,negative,nanci suffer nightmar debut celtic challeng laid bare
'A wonderful miracle' - how Messi & Beckham made Miami shine,bbc_sport,2025-12-09,positive,wonder miracl messi beckham made miami shine
I want to come back to Premier League and win it this time - Pochettino,bbc_sport,2025-12-09,positive,want come back premier leagu win time pochettino
"'I have to get it right, and not just for me' - UFC trailblazer Sanko",bbc_sport,2025-12-09,neutral,get right ufc trailblaz sanko
"Inside McLaren's season - the rules, values, incidents & relationships",bbc_sport,2025-12-09,neutral,insid mclaren season rule valu incid relationship
England's AI World Cup masterplan - from perfecting penalties to powering players,bbc_sport,2025-12-09,neutral,england ai world cup masterplan perfect penalti power player
'Raise hell' - the fastest bowler you might not have heard of,bbc_sport,2025-12-09,neutral,rais hell fastest bowler might heard
What next for friendly foes who see each other 'more than family'?,bbc_sport,2025-12-09,neutral,next friend foe see famili
'It felt like God's hand on my brain' - the day England were humbled by teenager,bbc_sport,2025-12-09,neutral,felt like god hand brain day england humbl teenag
The great number nine decline - where have England's strikers gone?,bbc_sport,2025-12-09,neutral,great number nine declin england striker gone
"Captain, player, manager, Mister, number one - Davids at Barnet",bbc_sport,2025-12-09,neutral,captain player manag mister number one david barnet
اڈیالہ کا قیدی الطاف حسین پارٹ 2 بن چکا ہے، عظمی بخاری,express,2025-12-09,neutral,2
How Sandie Peggie ruling could lead to big changes for employers,bbc,2025-12-09,positive,sandi peggi rule could lead big chang employ
9 دسمبر 1971 کو ہنگور کے عملے نے جانبازی کی درخشندہ تاریخ رقم کی، فیلڈ مارشل,express,2025-12-09,neutral,9 1971
IHC declares plea questioning legitimacy of Justice Jahangiri’s law degree maintainable,dawn,2025-12-09,neutral,ihc declar plea question legitimaci justic jahangiri law degre maintain
Two charged over suspected Heathrow pepper spray attack,bbc,2025-12-09,negative,two charg suspect heathrow pepper spray attack
Two charged over Heathrow suitcase robbery and suspected pepper spray attack,bbc,2025-12-09,negative,two charg heathrow suitcas robberi suspect pepper spray attack
IHC declares plea on Justice Jahangiri's degree case admissible,geo,2025-12-09,neutral,ihc declar plea justic jahangiri degre case admiss
پنجاب سمبلی میں 6 بلز منظور کرلیے گئے,express,2025-12-09,neutral,6
Chargers pull ahead in OT to defeat Eagles in tight MNF win,espn,2025-12-09,neutral,charger pull ahead ot defeat eagl tight mnf win
Hurts has 2 turnovers on 1 play amid 4-INT night,espn,2025-12-09,neutral,hurt 2 turnov 1 play amid 4 int night
Bolts laud injured Herbert's gritty effort in OT win,espn,2025-12-09,neutral,bolt laud injur herbert gritti effort ot win
Sources: Ailing Colts to work out retired QB Rivers,espn,2025-12-09,neutral,sourc ail colt work retir qb river
Sources: 4 LSU coaches rejoin Rebels for CFP run,espn,2025-12-09,neutral,sourc 4 lsu coach rejoin rebel cfp run
Notre Dame AD: ACC caused 'permanent damage',espn,2025-12-09,negative,notr dame ad acc caus perman damag
"Mendoza, Pavia, Love, Sayin in Heisman's final 4",espn,2025-12-09,positive,mendoza pavia love sayin heisman final 4
Sources: Gamecocks hiring TCU's Briles as OC,espn,2025-12-09,neutral,sourc gamecock hire tcu brile oc
Harper spoils Queen's triple-double in rookie clash,espn,2025-12-09,neutral,harper spoil queen tripl doubl rooki clash
🏈 CFP to Pop-Tarts: Picking every bowl game,espn,2025-12-09,neutral,cfp pop tart pick everi bowl game
"Barnwell sorts through NFL playoff race chaos: Are the Colts, Chiefs and Ravens finished?",espn,2025-12-09,neutral,barnwel sort nfl playoff race chao colt chief raven finish
What do Week 14 games mean for the rest of the season?,espn,2025-12-09,neutral,week 14 game mean rest season
Will Daniel Jones start for the Colts in '26? Is the front office safe? Key questions for Indy,espn,2025-12-09,neutral,daniel jone start colt 26 front offic safe key question indi
"Wetzel: Relax, the CFP selection process is (mostly) working",espn,2025-12-09,neutral,wetzel relax cfp select process most work
"CFP Anger Index: An absurd farce over Notre Dame, Miami",espn,2025-12-09,neutral,cfp anger index absurd farc notr dame miami
Everything we know about the Heat's trade for Terry Rozier -- and whether he could be dealt again,espn,2025-12-09,positive,everyth know heat trade terri rozier whether could dealt
These five players could help decide unpredictable East,espn,2025-12-09,positive,five player could help decid unpredict east
The NHL's best this week: Terry Ryan and hockey dreams,espn,2025-12-09,positive,nhl best week terri ryan hockey dream
"MLB winter meetings updates, rumors and predictions: The latest buzz from Orlando",espn,2025-12-09,positive,mlb winter meet updat rumor predict latest buzz orlando
Who has the most travel at 2026 World Cup? And why does it matter?,espn,2025-12-09,neutral,travel 2026 world cup matter
Men: New No. 1 after Purdue's shock loss,espn,2025-12-09,neutral,men new 1 purdu shock loss
"Women: UConn stays top, Big Ten has nine spots",espn,2025-12-09,neutral,women uconn stay top big ten nine spot
How each of the 12 College Football Playoff teams could win the national title,espn,2025-12-09,positive,12 colleg footbal playoff team could win nation titl
First round first look: How all eight teams can win,espn,2025-12-09,positive,first round first look eight team win
"A great night for Jeff Kent, but another stain on the Hall of Fame",espn,2025-12-09,positive,great night jeff kent anoth stain hall fame
Free agents: Trevor Lawrence and Packers WRs among top options,espn,2025-12-09,neutral,free agent trevor lawrenc packer wrs among top option
"Buzz: Etienne, Pollard and Godwin among players who were getting the ball on Sunday",espn,2025-12-09,positive,buzz etienn pollard godwin among player get ball sunday
What we know so far about Mo Salah's Liverpool future,espn,2025-12-09,neutral,know far mo salah liverpool futur
Man City have history of overtaking Arsenal; will it happen again?,espn,2025-12-09,neutral,man citi histori overtak arsenal happen
"In winning F1 title, Norris proves himself (and his doubters) wrong",espn,2025-12-09,positive,win f1 titl norri prove doubter wrong
"Week 14 only added more chaos to the NFL playoff race -- ""a bookmaker's dream""",espn,2025-12-09,neutral,week 14 ad chao nfl playoff race bookmak dream
"Early Week 15 bets: Patriots over Bills, Lions to cover in shootout with Rams",espn,2025-12-09,negative,earli week 15 bet patriot bill lion cover shootout ram
"QBs Cam Ward, Shedeur Sanders swap jerseys after Titans' victory",espn,2025-12-09,neutral,qbs cam ward shedeur sander swap jersey titan victori
"'Birds aren't real': Chargers poke fun at Eagles after win, topping NFL Week 14 trolls",espn,2025-12-09,neutral,bird real charger poke fun eagl win top nfl week 14 troll
"Pickups: Ryan Nembhard, Quentin Grimes among players to add",espn,2025-12-09,neutral,pickup ryan nembhard quentin grime among player add
UFC 323 fight grades: Why Dvalishvili-Yan wasn't the best fight on the card,espn,2025-12-09,neutral,ufc 323 fight grade dvalishvili yan best fight card
"Transfer rumors, news: Neymar eyes Europe, MLS move for World Cup",espn,2025-12-09,positive,transfer rumor news neymar eye europ mls move world cup
Nasa astronaut and cosmonauts return to Earth after 245 days in space,bbc_news,2025-12-09,neutral,nasa astronaut cosmonaut return earth 245 day space
Two charged over Heathrow 'pepper spray' attack,bbc_news,2025-12-09,negative,two charg heathrow pepper spray attack
CNN values your feedback,cnn_news,2025-12-09,neutral,cnn valu feedback
Around the world,cnn_news,2025-12-09,neutral,around world
Middle East,cnn_news,2025-12-09,neutral,middl east
World in photos,cnn_news,2025-12-09,neutral,world photo
More of the latest stories,cnn_news,2025-12-09,neutral,latest stori
Something Extra,cnn_news,2025-12-09,neutral,someth extra
Architecture around the world,cnn_news,2025-12-09,neutral,architectur around world
Donald Trump “can have an enormous influence” on Warner Bros buyout,aljazeera_news,2025-12-09,negative,donald trump enorm influenc warner bros buyout
DRC accuses Rwanda of peace deal violations as M23 advances in the east,aljazeera_news,2025-12-09,positive,drc accus rwanda peac deal violat m23 advanc east
Turkiye jails top-tier players pending trial in gambling probe,aljazeera_news,2025-12-09,negative,turkiy jail top tier player pend trial gambl probe
Fernandes double helps Man United to 4-1 win as Wolves’ misery continues,aljazeera_news,2025-12-09,positive,fernand doubl help man unit 4 1 win wolv miseri continu
Content Feed,aljazeera_news,2025-12-09,neutral,content feed
‘Number of our deserters is too high’: Ukrainians flee fight against Russia,aljazeera_news,2025-12-09,neutral,number desert high ukrainian flee fight russia
"‘No space for diplomacy,’ says Thailand after deadly Cambodia clashes",aljazeera_news,2025-12-09,negative,space diplomaci say thailand dead cambodia clash
The Take: Is New Delhi’s toxic smog making the city unliveable?,aljazeera_news,2025-12-09,positive,take new delhi toxic smog make citi unliv
Our Channels,aljazeera_news,2025-12-09,neutral,channel
Our Network,aljazeera_news,2025-12-09,neutral,network
"Salah's omission from Inter game is a consequence of his actions, says Becker",tribune_news,2025-12-09,neutral,salah omiss inter game consequ action say becker
"Babar Azam, Shaheen Afridi touch down in Australia for BBL 15",tribune_news,2025-12-09,neutral,babar azam shaheen afridi touch australia bbl 15
Hazlewood ruled out of Ashes,tribune_news,2025-12-09,neutral,hazlewood rule ash
Depleted NZ to meet upbeat WI in Wellington,tribune_news,2025-12-09,neutral,deplet nz meet upbeat wi wellington
"Pakistan aims to export 300,000 tonnes of oranges after record harvest",tribune_news,2025-12-09,neutral,pakistan aim export 300 000 tonn orang record harvest
Punjab alerts public to widespread fake e-challan SMS scam,tribune_news,2025-12-09,neutral,punjab alert public widespread fake e challan sms scam
IHC issues notices in Jehangiri degree scandal,tribune_news,2025-12-09,neutral,ihc issu notic jehangiri degre scandal
Three things to watch ahead of the 2026 F1 season,tribune_news,2025-12-09,neutral,three thing watch ahead 2026 f1 season
Man Utd back on track after Fernandes inspires Wolves rout,tribune_news,2025-12-09,neutral,man utd back track fernand inspir wolv rout
Pulisic quick-fire double sends AC Milan top of Serie A,tribune_news,2025-12-09,negative,pulis quick fire doubl send ac milan top seri
Palmer misses Chelsea's Champions League clash with Atalanta,tribune_news,2025-12-09,neutral,palmer miss chelsea champion leagu clash atalanta
Slot has 'no clue' whether Salah has played last Liverpool game,tribune_news,2025-12-09,neutral,slot clue whether salah play last liverpool game
"Pakistan is invincible, says CDF Asim Munir",tribune_news,2025-12-09,neutral,pakistan invinc say cdf asim munir
Powerful 7.6 quake strikes off Japan,tribune_news,2025-12-09,negative,power 7 6 quak strike japan
Imran's jail condition:PTI agrees to form panel,tribune_news,2025-12-09,negative,imran jail condit pti agre form panel
European allies back Zelensky,tribune_news,2025-12-09,neutral,european alli back zelenski
CM seeks further delay in Quetta LG polls,tribune_news,2025-12-09,neutral,cm seek delay quetta lg poll
"KSA, Qatar sign high-speed rail deal",tribune_news,2025-12-09,neutral,ksa qatar sign high speed rail deal
Man cuts off wife's hair for property,tribune_news,2025-12-09,neutral,man cut wife hair properti
Women Protection Center wraps up 16-day anti-violence campaign,tribune_news,2025-12-09,negative,women protect center wrap 16 day anti violenc campaign
"Gridlocks, overloadded vehicles choke Depalpur",tribune_news,2025-12-09,neutral,gridlock overload vehicl choke depalpur
Punjab police ramp up counterterror measures,tribune_news,2025-12-09,negative,punjab polic ramp counterterror measur
"LHC expands kite-flying case, adds WCLA DG",tribune_news,2025-12-09,neutral,lhc expand kite fli case add wcla dg
Man shot near Data Darbar,tribune_news,2025-12-09,neutral,man shot near data darbar
Drone helps douse stubble fire,tribune_news,2025-12-09,neutral,drone help dous stubbl fire
Cams to be installed outside schools,tribune_news,2025-12-09,neutral,cam instal outsid school
Transporters call off strike in Punjab,tribune_news,2025-12-09,negative,transport call strike punjab
Winter household gas supply 'up 26%',tribune_news,2025-12-09,positive,winter household gas suppli 26
Revenue collection grows 27% to Rs12tr,tribune_news,2025-12-09,neutral,revenu collect grow 27 rs12tr
Industrial tariff hike 'disastrous' for exports,tribune_news,2025-12-09,neutral,industri tariff hike disastr export
UAE to expand LNG exports,tribune_news,2025-12-09,neutral,uae expand lng export
Gold surges tracking global market gains,tribune_news,2025-12-09,positive,gold surg track global market gain
Government targets informal sector as Nestlé halves imports,tribune_news,2025-12-09,neutral,govern target inform sector nestl halv import
US help sought for energy reforms,tribune_news,2025-12-09,positive,us help sought energi reform
"80% of Pakistan lacks safe drinking water, ADB warns",tribune_news,2025-12-09,negative,80 pakistan lack safe drink water adb warn
"Cricket, dramas top Google searches in Pakistan",tribune_news,2025-12-09,neutral,cricket drama top googl search pakistan
India releases water into Chenab River,tribune_news,2025-12-09,neutral,india releas water chenab river
"UK court orders YouTuber Adil Raja to pay £310,000",tribune_news,2025-12-09,negative,uk court order youtub adil raja pay 310 000
"PSX jumps 1,200 points on IMF hopes",tribune_news,2025-12-09,positive,psx jump 1 200 point imf hope
Bringing $3b investment back to PSX,tribune_news,2025-12-09,neutral,bring 3b invest back psx
Why Pakistan’s growth cycle keeps ending in IMF programmes,tribune_news,2025-12-09,positive,pakistan growth cycl keep end imf programm
"A global shift in robotics and AI is underway, and Pakistan must keep pace",tribune_news,2025-12-09,neutral,global shift robot ai underway pakistan must keep pace
"Will the new Cybersecurity Act strengthen defences, or create bureaucratic conflict?",tribune_news,2025-12-09,negative,new cybersecur act strengthen defenc creat bureaucrat conflict
Unintended consequences of Trump's tariff strategy,tribune_news,2025-12-09,neutral,unintend consequ trump tariff strategi
PSX stays quiet amid mixed macros,tribune_news,2025-12-09,neutral,psx stay quiet amid mix macro
Govt asks State Bank to address SME credit crisis,tribune_news,2025-12-09,negative,govt ask state bank address sme credit crisi
Qatar hopeful EU will address concerns,tribune_news,2025-12-09,negative,qatar hope eu address concern
India caps airfares over IndiGo crisis,tribune_news,2025-12-09,negative,india cap airfar indigo crisi
Volkswagen to invest $186b through 2030,tribune_news,2025-12-09,neutral,volkswagen invest 186b 2030
Govt plans AI Centre to modernise industry,tribune_news,2025-12-09,neutral,govt plan ai centr modernis industri
'Climate finance a fundamental right',tribune_news,2025-12-09,neutral,climat financ fundament right
"Magnitude 7.6 quake strikes off Japan, triggering tsunami warning",tribune_news,2025-12-09,negative,magnitud 7 6 quak strike japan trigger tsunami warn
Sri Lanka issues landslide warnings as cyclone toll hits 627,tribune_news,2025-12-09,negative,sri lanka issu landslid warn cyclon toll hit 627
IAEA calls for repair work on Chernobyl sarcophagus,tribune_news,2025-12-09,neutral,iaea call repair work chernobyl sarcophagus
Netanyahu expects to move to Gaza truce second phase soon,tribune_news,2025-12-09,neutral,netanyahu expect move gaza truce second phase soon
Venezuela acknowledges death of detained opposition figure,tribune_news,2025-12-09,negative,venezuela acknowledg death detain opposit figur
Macron's China visit reinforces multilateralism,tribune_news,2025-12-09,neutral,macron china visit reinforc multilater
Trump's Pentagon chief under fire as scandals mount,tribune_news,2025-12-09,negative,trump pentagon chief fire scandal mount
UN calls on Taliban to lift ban on Afghan women in its offices,tribune_news,2025-12-09,negative,un call taliban lift ban afghan women offic
Arshad Nadeem clinches javelin gold at National Games,tribune_news,2025-12-09,neutral,arshad nadeem clinch javelin gold nation game
Palace beat Fulham to move up to fourth,tribune_news,2025-12-09,neutral,palac beat fulham move fourth
Hojlund brace shoots Napoli past Juve,tribune_news,2025-12-09,neutral,hojlund brace shoot napoli past juve
Ex-Eng captains unleash scathing verdict,tribune_news,2025-12-09,neutral,ex eng captain unleash scath verdict
Two sent off for Real in Celta defeat,tribune_news,2025-12-09,neutral,two sent real celta defeat
Shakib wants home farewell series,tribune_news,2025-12-09,neutral,shakib want home farewel seri
Hamilton plans to bin his phone following nightmare season,tribune_news,2025-12-09,positive,hamilton plan bin phone follow nightmar season
Max Verstappen vows to bounce back,tribune_news,2025-12-09,neutral,max verstappen vow bounc back
Torres treble helps Barca extend Liga lead,tribune_news,2025-12-09,positive,torr trebl help barca extend liga lead
Tearful Norris claims 'amazing' Formula One world champion,tribune_news,2025-12-09,neutral,tear norri claim amaz formula one world champion
Bangladesh U19 beat Pakistan by seven wickets,tribune_news,2025-12-09,negative,bangladesh u19 beat pakistan seven wicket
Wissa delighted with Newcastle debut,tribune_news,2025-12-09,positive,wissa delight newcastl debut
‘England being humiliated by Australia’,tribune_news,2025-12-09,neutral,england humili australia
“Miracles” of Social Media,tribune_news,2025-12-09,neutral,miracl social media
Old is gold: Kohli and Rohit shine bright,tribune_news,2025-12-09,neutral,old gold koh rohit shine bright
NA secretariat seeks details of Omar Ayub's case,tribune_news,2025-12-09,neutral,na secretariat seek detail omar ayub case
Minister admits helplessness over train terror attacks,tribune_news,2025-12-09,negative,minist admit helpless train terror attack
NEPRA slaps fine over 2021 outage,tribune_news,2025-12-09,neutral,nepra slap fine 2021 outag
Shehbaz wants timely completion of projects,tribune_news,2025-12-09,neutral,shehbaz want time complet project
"Weak La Niña brings dry winter, PMD warns farmers",tribune_news,2025-12-09,negative,weak la ni bring dri winter pmd warn farmer
'25% surge in violence against women',tribune_news,2025-12-09,neutral,25 surg violenc women
408 shopkeepers fined for flouting official prices,tribune_news,2025-12-09,neutral,408 shopkeep fine flout offici price
Conferences against 26th and 27th amendments planned,tribune_news,2025-12-09,positive,confer 26th 27th amend plan
Sindh Culture Day clash: police get to interrogate 12 suspects,tribune_news,2025-12-09,negative,sindh cultur day clash polic get interrog 12 suspect
Pakistan's soil health rapidly declining,tribune_news,2025-12-09,neutral,pakistan soil health rapid declin
Migratory bird populations continue to decline,tribune_news,2025-12-09,neutral,migratori bird popul continu declin
10-year-old runner shines at National Games,tribune_news,2025-12-09,neutral,10 year old runner shine nation game
Police investigate mysterious triple death,tribune_news,2025-12-09,negative,polic investig mysteri tripl death
Sindh faces acute shortage of neurosurgeons,tribune_news,2025-12-09,negative,sindh face acut shortag neurosurgeon
USEFP inaugurates new building in capital,tribune_news,2025-12-09,positive,usefp inaugur new build capit
Missing Abbottabad medic found murdered,tribune_news,2025-12-09,negative,miss abbottabad medic found murder
Zero dengue deaths make 2025 'controlled year',tribune_news,2025-12-09,negative,zero dengu death make 2025 control year
Security at district courts collapses,tribune_news,2025-12-09,negative,secur district court collaps
Replacement of prison locks on cards,tribune_news,2025-12-09,negative,replac prison lock card
Food Fest returnswith culinary showcase,tribune_news,2025-12-09,neutral,food fest returnswith culinari showcas
"Corruption top concern for Pakistanis, NCPS 2025 shows",tribune_news,2025-12-09,negative,corrupt top concern pakistani ncps 2025 show
Rising pickpocketing irks BRT passengers in K-P,tribune_news,2025-12-09,neutral,rise pickpocket irk brt passeng k p
PHC seeks full report on dengue efforts,tribune_news,2025-12-09,neutral,phc seek full report dengu effort
K-P boosts police with advanced arsenal,tribune_news,2025-12-09,positive,k p boost polic advanc arsenal
Assembly outraged over doctor's murder,tribune_news,2025-12-09,negative,assembl outrag doctor murder
"Kundi slams PTI, hints at governor's rule",tribune_news,2025-12-09,neutral,kundi slam pti hint governor rule
'Lahooti' melodies meet Sindh's day of colour,tribune_news,2025-12-09,neutral,lahooti melodi meet sindh day colour
Winter market kicks off Christmas festivities,tribune_news,2025-12-09,positive,winter market kick christma festiv
Silk Road media push gains fresh impetus,tribune_news,2025-12-09,positive,silk road media push gain fresh impetus
Jump scares still reign at the box office,tribune_news,2025-12-09,negative,jump scare still reign box offic
Paramount counters Netflix with hostile bid for WBD,tribune_news,2025-12-09,neutral,paramount counter netflix hostil bid wbd
'Avatar' world expands in 'Fire and Ashes',tribune_news,2025-12-09,negative,avatar world expand fire ash
"Google Trends reveal Pakistan's cricket frenzy, tech curiosity",tribune_news,2025-12-09,neutral,googl trend reveal pakistan cricket frenzi tech curios
Signals of political decay,tribune_news,2025-12-09,neutral,signal polit decay
India's commitment trap,tribune_news,2025-12-09,neutral,india commit trap
Immunity (to wisdom),tribune_news,2025-12-09,neutral,immun wisdom
Substandard dengue kits,tribune_news,2025-12-09,neutral,substandard dengu kit
SIGAR report,tribune_news,2025-12-09,neutral,sigar report
Austerity vs ambitions,tribune_news,2025-12-09,neutral,auster vs ambit
Closure and dignity,tribune_news,2025-12-09,neutral,closur digniti
IMF approves $1.3b loan for Pakistan,tribune_news,2025-12-09,neutral,imf approv 1 3b loan pakistan
Punjab generates over Rs3m on first day of partridge hunting permit auction,tribune_news,2025-12-09,neutral,punjab generat rs3m first day partridg hunt permit auction
"Islamabad completes e-stamp paper system to prevent land fraud, document forgery",tribune_news,2025-12-09,negative,islamabad complet e stamp paper system prevent land fraud document forgeri
Sindh expands faceless e-ticketing system in more districts across province,tribune_news,2025-12-09,neutral,sindh expand faceless e ticket system district across provinc
Energy Minister Leghari seeks US support for Pakistan's power sector reforms,tribune_news,2025-12-09,positive,energi minist leghari seek us support pakistan power sector reform
Body of missing Abbotabad lady doctor recovered from forest,tribune_news,2025-12-09,neutral,bodi miss abbotabad ladi doctor recov forest
"PAA's split pension distresses 2,500 retirees",tribune_news,2025-12-09,neutral,paa split pension distress 2 500 retire
Mawra Hocane chooses scripts that give women a voice,tribune_news,2025-12-09,neutral,mawra hocan choos script give women voic
Actors Sabeena Syed and Khaqan Shahnawaz announce their engagement,tribune_news,2025-12-09,neutral,actor sabeena sy khaqan shahnawaz announc engag
"BRT bus crashes between University of Peshawar, Islamia College stations",tribune_news,2025-12-09,negative,brt bus crash univers peshawar islamia colleg station
"SC orders reinstatement of 36 teachers, citing tribunal’s use of ‘hallucinating’ AI",tribune_news,2025-12-09,neutral,sc order reinstat 36 teacher cite tribun use hallucin ai
Indonesian President Subianto lands in Islamabad for his first two-day official visit,tribune_news,2025-12-09,negative,indonesian presid subianto land islamabad first two day offici visit
"Pakistan Railways safety measures remain inadequate despite multiple accidents, inquiry reports",tribune_news,2025-12-09,neutral,pakistan railway safeti measur remain inadequ despit multipl accid inquiri report
"PM approves power projects for Gwadar, G-B",tribune_news,2025-12-09,neutral,pm approv power project gwadar g b
LDA seals 53 properties in crackdown on illegal commercial buildings,tribune_news,2025-12-09,negative,lda seal 53 properti crackdown illeg commerci build
"One killed, another injured in Saeedabad firing incident",tribune_news,2025-12-09,negative,one kill anoth injur saeedabad fire incid
Justice Aurangzeb sworn in as permanent SC judge,tribune_news,2025-12-09,neutral,justic aurangzeb sworn perman sc judg
IO testifies in Nowshera wheat embezzlement case,tribune_news,2025-12-09,neutral,io testifi nowshera wheat embezzl case
Armed men loot Rs1.8m in broad daylight in Karachi’s Landhi,tribune_news,2025-12-09,neutral,arm men loot rs1 8m broad daylight karachi landhi
Transporters standstill in Rawalpindi as unions rally against heavy fines,tribune_news,2025-12-09,neutral,transport standstil rawalpindi union ralli heavi fine
"Mazari tweet case adjourned as Aurat March, KBA protest ""unfair trial""",tribune_news,2025-12-09,negative,mazari tweet case adjourn aurat march kba protest unfair trial
25 dead as midnight fire hits Indian night club,tribune_news,2025-12-09,negative,25 dead midnight fire hit indian night club
Qatar urges dialogue with non-state actors for peace,tribune_news,2025-12-09,positive,qatar urg dialogu non state actor peac
Ruling coalition trains guns at Imran's PTI,tribune_news,2025-12-09,neutral,rule coalit train gun imran pti
Pakistan rebukes Indian FM's 'incendiary' remarks targeting Army,tribune_news,2025-12-09,neutral,pakistan rebuk indian fm incendiari remark target armi
Floods revive Pakistan's dying Indus Delta,tribune_news,2025-12-09,negative,flood reviv pakistan die indus delta
ECP refuses to recognise Gohar as PTI chairperson,tribune_news,2025-12-09,neutral,ecp refus recognis gohar pti chairperson
Court issues non-bailable warrants for Gandapur,tribune_news,2025-12-09,negative,court issu non bailabl warrant gandapur
Senate passes agri-trade bill,tribune_news,2025-12-09,negative,senat pass agri trade bill
"At RSIFF, women lead, inspire, and shape conversation",tribune_news,2025-12-09,positive,rsiff women lead inspir shape convers
Laughter amid ruins: the Gaza circus story,tribune_news,2025-12-09,neutral,laughter amid ruin gaza circus stori
How Netflix won Hollywood's biggest prize,tribune_news,2025-12-09,neutral,netflix hollywood biggest prize
Yo-de-lay-UNESCO? Swiss hope for yodel heritage listing,tribune_news,2025-12-09,positive,yo de lay unesco swiss hope yodel heritag list
Streaming giants drive Critics Choice spotlight,tribune_news,2025-12-09,neutral,stream giant drive critic choic spotlight
Kate honours community spirit in Christmas service,tribune_news,2025-12-09,neutral,kate honour communiti spirit christma servic
Another Birkin bag sold for $2.86 million,tribune_news,2025-12-09,negative,anoth birkin bag sold 2 86 million
BD exhumes mass grave from 2024 uprising,tribune_news,2025-12-09,neutral,bd exhum mass grave 2024 upris
Drone strikes in Sudan kill dozens,tribune_news,2025-12-09,negative,drone strike sudan kill dozen
Over 50 Iranians to return from US,tribune_news,2025-12-09,neutral,50 iranian return us
SIUT showcases breakthrough in digital surgery,tribune_news,2025-12-09,positive,siut showcas breakthrough digit surgeri
Lahooti Festival enthrals audience,tribune_news,2025-12-09,neutral,lahooti festiv enthral audienc
"Cane growers decry unfair pricing, delays in crushing",tribune_news,2025-12-09,neutral,cane grower decri unfair price delay crush
"Karachi's dengue death trap: fake labs, faulty tests, zero oversight",tribune_news,2025-12-09,negative,karachi dengu death trap fake lab faulti test zero oversight
Sindh's cultural heritage among oldest in world: CM,tribune_news,2025-12-09,neutral,sindh cultur heritag among oldest world cm
Two men found dead in 'suicides',tribune_news,2025-12-09,negative,two men found dead suicid
K-P reviews master plan for key Hazara tourist resorts,tribune_news,2025-12-09,neutral,k p review master plan key hazara tourist resort
JI warns of protest over delay in LG polls,tribune_news,2025-12-09,negative,ji warn protest delay lg poll
'Twin City Run' draws massive crowd,tribune_news,2025-12-09,positive,twin citi run draw massiv crowd
Adiala Public Park project launched,tribune_news,2025-12-09,neutral,adiala public park project launch
Dry fruit sales surge with drop in temperature,tribune_news,2025-12-09,neutral,dri fruit sale surg drop temperatur
Gunpoint abduction bid foiled,tribune_news,2025-12-09,neutral,gunpoint abduct bid foil
Transport unions in Rawalpindi announce strike over heavy fines,tribune_news,2025-12-09,negative,transport union rawalpindi announc strike heavi fine
UAF attracts feline lovers from across Pakistan,tribune_news,2025-12-09,positive,uaf attract felin lover across pakistan
Three arrested for torching man,tribune_news,2025-12-09,negative,three arrest torch man
Dry fruits' demand rises in winter,tribune_news,2025-12-09,positive,dri fruit demand rise winter
CM orders early Ravi City development,tribune_news,2025-12-09,neutral,cm order earli ravi citi develop
Youth kidnapped for ransom,tribune_news,2025-12-09,neutral,youth kidnap ransom
K-P Bar to challenge Peshawar High Court's strike ruling,tribune_news,2025-12-09,negative,k p bar challeng peshawar high court strike rule
Locals protest murder of ambulance driver,tribune_news,2025-12-09,negative,local protest murder ambul driver
K-P transfers 49% Miran Block shares,tribune_news,2025-12-09,neutral,k p transfer 49 miran block share
K-P sees 50% surge in terror attacks in 2025,tribune_news,2025-12-09,negative,k p see 50 surg terror attack 2025
Doctors threaten protest over kidnapped physician,tribune_news,2025-12-09,negative,doctor threaten protest kidnap physician
Pakistan in a rapidly changing world,tribune_news,2025-12-09,neutral,pakistan rapid chang world
Neurodivergent students' right to education,tribune_news,2025-12-09,neutral,neurodiverg student right educ
Milk gone bad,tribune_news,2025-12-09,negative,milk gone bad
Struggling economy,tribune_news,2025-12-09,neutral,struggl economi
Aligning for Gaza,tribune_news,2025-12-09,neutral,align gaza
Carbon credits,tribune_news,2025-12-09,neutral,carbon credit
Apple's first foldable iPhone to be eSIM-only,tribune_news,2025-12-09,neutral,appl first foldabl iphon esim
Qatari PM calls for dialogue with non-state actors for regional peace,tribune_news,2025-12-09,positive,qatari pm call dialogu non state actor region peac
K-P CM vows to avoid confrontation despite ‘repeated provocation’,tribune_news,2025-12-09,neutral,k p cm vow avoid confront despit repeat provoc
MQM-P urges PTI to decide between party chief and country,tribune_news,2025-12-09,neutral,mqm p urg pti decid parti chief countri
'Migrant robbers' from Punjab confess to weekend crime sprees in Karachi,tribune_news,2025-12-09,negative,migrant robber punjab confess weekend crime spree karachi
"SNGPL issues winter gas load shedding schedule for Punjab, K-P",tribune_news,2025-12-09,positive,sngpl issu winter gas load shed schedul punjab k p
Three women found dead in Karachi's Gulshan-e-Iqbal flat under mysterious circumstances,tribune_news,2025-12-09,negative,three women found dead karachi gulshan e iqbal flat mysteri circumst
Citizens struggle to afford essential items as price hike continues in Rawalpindi,tribune_news,2025-12-09,neutral,citizen struggl afford essenti item price hike continu rawalpindi
Absence of local govt system in Punjab leaves citizens struggling for basic services,tribune_news,2025-12-09,neutral,absenc local govt system punjab leav citizen struggl basic servic
Clashes erupt in Karachi during nationalist group's cultural day rally,tribune_news,2025-12-09,neutral,clash erupt karachi nationalist group cultur day ralli
"Pakistan Navy foils drug-smuggling attempt, seizes nearly $3m worth of hashish in Arabian Sea",tribune_news,2025-12-09,neutral,pakistan navi foil drug smuggl attempt seiz near 3m worth hashish arabian sea
"DIG Islamabad directs action against Afghans residing illegally, linked to crime",tribune_news,2025-12-09,negative,dig islamabad direct action afghan resid illeg link crime
"FO slams Jaishankar’s ‘baseless, irresponsible’ comments about Pakistan Army",tribune_news,2025-12-09,neutral,fo slam jaishankar baseless irrespons comment pakistan armi
Trump’s envoy says Ukraine peace deal ‘really close’ as two issues remain,tribune_news,2025-12-09,positive,trump envoy say ukrain peac deal realli close two issu remain
India's Goa state orders probe after nightclub fire kills 25,tribune_news,2025-12-09,negative,india goa state order probe nightclub fire kill 25
Karachi’s Winter market brings Christmas to life,tribune_news,2025-12-09,positive,karachi winter market bring christma life
"26th, 27th constitutional amendments 'a blot on the Constitution': Khaqan Abbasi",tribune_news,2025-12-09,neutral,26th 27th constitut amend blot constitut khaqan abbasi
From K-P to Europe: How Rawalpindi's visa scam endangers young migrants,tribune_news,2025-12-09,negative,k p europ rawalpindi visa scam endang young migrant
Benin says coup attempt by small group of soldiers foiled,tribune_news,2025-12-09,neutral,benin say coup attempt small group soldier foil
Aus crush Eng by eight wickets,tribune_news,2025-12-09,neutral,aus crush eng eight wicket
Ducky Bhai to break 100-day silence with YouTube message at 6pm today,tribune_news,2025-12-09,neutral,ducki bhai break 100 day silenc youtub messag 6pm today
National Games begin in Karachi with spectacular opening ceremony,tribune_news,2025-12-09,neutral,nation game begin karachi spectacular open ceremoni
Salah tirade adds to Slot's troubles during Liverpool slump,tribune_news,2025-12-09,neutral,salah tirad add slot troubl liverpool slump
Messi dazzles as Miami beat Vancouver to win MLS title,tribune_news,2025-12-09,positive,messi dazzl miami beat vancouv win mls titl
Indonesian President to make first official visit to Pakistan on December 8–9,tribune_news,2025-12-09,neutral,indonesian presid make first offici visit pakistan decemb 8 9
Sri Lanka issues landslide warnings as cyclone toll hits 618,tribune_news,2025-12-09,negative,sri lanka issu landslid warn cyclon toll hit 618
12 Indian-backed terrorists killed in Kalat IBO: ISPR,tribune_news,2025-12-09,negative,12 indian back terrorist kill kalat ibo ispr
"Australia imposes sanctions, travel bans on Afghan Taliban officials",tribune_news,2025-12-09,negative,australia impos sanction travel ban afghan taliban offici
Punjab designates 80 hunting grounds for partridges amid community pushback,tribune_news,2025-12-09,neutral,punjab design 80 hunt ground partridg amid communiti pushback
CM Bugti slams 'parties spreading anti-state propaganda',tribune_news,2025-12-09,neutral,cm bugti slam parti spread anti state propaganda
ECP refuses to recognise Barrister Gohar as PTI chairperson,tribune_news,2025-12-09,neutral,ecp refus recognis barrist gohar pti chairperson
Scammed by the System,tribune_news,2025-12-09,neutral,scam system
PTI stages major power show today,tribune_news,2025-12-09,neutral,pti stage major power show today
55 May 9 cases to be scrapped in K-P,tribune_news,2025-12-09,neutral,55 may 9 case scrap k p
Zabihullah’s statement on TTP: a lesson in hypocrisy and evasion,tribune_news,2025-12-09,neutral,zabihullah statement ttp lesson hypocrisi evas
PHC orders JIT in disappearance of 7 men,tribune_news,2025-12-09,neutral,phc order jit disappear 7 men
Swift plans June wedding and overseas bachelorette trips,tribune_news,2025-12-09,neutral,swift plan june wed oversea bachelorett trip
UNSC delegation urges sticking to Lebanon truce,tribune_news,2025-12-09,negative,unsc deleg urg stick lebanon truce
"Qatar, Egypt call for Israeli troop withdrawal",tribune_news,2025-12-09,neutral,qatar egypt call isra troop withdraw
Flood toll passes 900 in Indonesia,tribune_news,2025-12-09,negative,flood toll pass 900 indonesia
Won't be 'bystander' to HR abuses: Pope,tribune_news,2025-12-09,neutral,bystand hr abus pope
403 Forbidden,geo_news,2025-12-09,neutral,403 forbidden
کراچی کی کون سی اہم سڑک آج دن 12 تا شام 6 بند رہے گی؟,express_news,2025-12-09,neutral,12 6
غیرت کے نام پر والدین نے بیٹی پر گولیاں برسا دیں، 20 سالہ شمائلہ اسپتال منتقل,express_news,2025-12-09,neutral,20
7 جنوری سے لاپتا بچے کا تاحال سراغ نہیں ملا,express_news,2025-12-09,neutral,7
اے این ایف آپریشنز میں 18 کروڑ سے زائد مالیت کی منشیات برآمد,express_news,2025-12-09,neutral,18
بجلی 6 روپے یونٹ سستی، حکومت نے IMF کو پلان دیدیا,express_news,2025-12-09,neutral,6 imf
مظفرگڑھ پسند کی شادی سے روکنے پر13سالہ لڑکے اور12 سالہ لڑکی کی خودکشی,express_news,2025-12-09,neutral,13 12
تھرپارکر میں ایک سال میں 115 افراد کی خودکشی,express_news,2025-12-09,neutral,115
سابق انگلش کرکٹ کپتان باب ولس 70 برس کی عمر میں چل بسے,express_news,2025-12-09,neutral,70
Under-pressure Alonso feels 'unity' at Real Madrid,bbc_sport_news,2025-12-09,neutral,pressur alonso feel uniti real madrid
Boulter misses out on Australian Open main draw,bbc_sport_news,2025-12-09,neutral,boulter miss australian open main draw
"'Winning made everything worth it' - Norris on world title triumph. Video, 00:02:46'Winning made everything worth it' - Norris on world title triumph",bbc_sport_news,2025-12-09,positive,win made everyth worth norri world titl triumph video 00 02 46 win made everyth worth norri world titl triumph
"'Disrespectful' Salah comments threw club under bus - Rooney. Video, 00:01:35'Disrespectful' Salah comments threw club under bus - Rooney",bbc_sport_news,2025-12-09,neutral,disrespect salah comment threw club bus rooney video 00 01 35 disrespect salah comment threw club bus rooney
"'Salah's put his team-mates in jeopardy' - Coady. Video, 00:01:19'Salah's put his team-mates in jeopardy' - Coady",bbc_sport_news,2025-12-09,neutral,salah put team mate jeopardi coadi video 00 01 19 salah put team mate jeopardi coadi
"Villa could still go up another level - Sutton. Video, 00:01:43Villa could still go up another level - Sutton",bbc_sport_news,2025-12-09,negative,villa could still go anoth level sutton video 00 01 43villa could still go anoth level sutton
"'It can become hostile' - Savage on impact of fan abuse. Video, 00:02:52'It can become hostile' - Savage on impact of fan abuse",bbc_sport_news,2025-12-09,neutral,becom hostil savag impact fan abus video 00 02 52 becom hostil savag impact fan abus
More top stories,bbc_sport_news,2025-12-09,neutral,top stori
More sports news,bbc_sport_news,2025-12-09,positive,sport news
Cardiff's Sala court case against Nantes to begin,bbc_sport_news,2025-12-09,neutral,cardiff sala court case nant begin
"Tuchel reacts to England's 'difficult' World Cup group. Video, 00:02:37Tuchel reacts to England's 'difficult' World Cup group",bbc_sport_news,2025-12-09,neutral,tuchel react england difficult world cup group video 00 02 37tuchel react england difficult world cup group
"'Bring it on' - Clarke reacts to Scotland's World Cup draw. Video, 00:00:48'Bring it on' - Clarke reacts to Scotland's World Cup draw",bbc_sport_news,2025-12-09,neutral,bring clark react scotland world cup draw video 00 00 48 bring clark react scotland world cup draw
"'Have I just outed Chelsea?' - Confession Cam. Video, 00:03:19'Have I just outed Chelsea?' - Confession Cam",bbc_sport_news,2025-12-09,neutral,out chelsea confess cam video 00 03 19 out chelsea confess cam
"'He wasn't happy' - Slot on Salah's reaction after being dropped. Video, 00:00:58'He wasn't happy' - Slot on Salah's reaction after being dropped",bbc_sport_news,2025-12-09,neutral,happi slot salah reaction drop video 00 00 58 happi slot salah reaction drop
"'Why would you do that?' - Sutton on Spurs fans booing. Video, 00:02:31'Why would you do that?' - Sutton on Spurs fans booing",bbc_sport_news,2025-12-09,neutral,would sutton spur fan boo video 00 02 31 would sutton spur fan boo
Also in sport,bbc_sport_news,2025-12-09,neutral,also sport
"World Cup to have 13 different kick-off times, including 5am UK time",bbc_sport_news,2025-12-09,neutral,world cup 13 differ kick time includ 5am uk time
Only from the BBC,bbc_sport_news,2025-12-09,neutral,bbc
"Football in Greenland: The 'toughest' championship in the world? Video, 00:05:59Football in Greenland: The 'toughest' championship in the world?",bbc_sport_news,2025-12-09,neutral,footbal greenland toughest championship world video 00 05 59footbal greenland toughest championship world
"The stunning football pitches hiding in the Arctic Circle. Video, 00:04:56The stunning football pitches hiding in the Arctic Circle",bbc_sport_news,2025-12-09,neutral,stun footbal pitch hide arctic circl video 00 04 56the stun footbal pitch hide arctic circl
"Exploring Britain's most extraordinary cricket grounds. Video, 00:06:49Exploring Britain's most extraordinary cricket grounds",bbc_sport_news,2025-12-09,neutral,explor britain extraordinari cricket ground video 00 06 49explor britain extraordinari cricket ground
"How does British football food rate with European fans? Video, 00:01:39How does British football food rate with European fans?",bbc_sport_news,2025-12-09,neutral,british footbal food rate european fan video 00 01 39how british footbal food rate european fan
"Inside the $5bn World Cup stadium in California. Video, 00:02:49Inside the $5bn World Cup stadium in California",bbc_sport_news,2025-12-09,neutral,insid 5bn world cup stadium california video 00 02 49insid 5bn world cup stadium california
Insight: Must-read sports stories,bbc_sport_news,2025-12-09,neutral,insight must read sport stori
'I deeply hurt people by moving to Saudi Arabia',bbc_sport_news,2025-12-09,neutral,deepli hurt peopl move saudi arabia
Ashes player ratings: Who may be wilting under the pressure?,bbc_sport_news,2025-12-09,neutral,ash player rate may wilt pressur
'A clear challenge to Slot's authority in Salah's show of rebellion',bbc_sport_news,2025-12-09,neutral,clear challeng slot author salah show rebellion
Your essential guide to the World Cup stadiums,bbc_sport_news,2025-12-09,neutral,essenti guid world cup stadium
How abnormal drugs test saved NFL player from cancer,bbc_sport_news,2025-12-09,negative,abnorm drug test save nfl player cancer
Our latest podcasts,bbc_sport_news,2025-12-09,neutral,latest podcast
"Football Daily. Monday Night Club: ‘Selfish’ Salah, Villa join title race & Leeds revival. Audio, 58 minutesFootball DailyMonday Night Club: ‘Selfish’ Salah, Villa join title race & Leeds revival",bbc_sport_news,2025-12-09,negative,footbal daili monday night club selfish salah villa join titl race leed reviv audio 58 minutesfootbal dailymonday night club selfish salah villa join titl race leed reviv
"Is this the end of Salah at Liverpool? Audio, 41 minutesIs this the end of Salah at Liverpool?",bbc_sport_news,2025-12-09,neutral,end salah liverpool audio 41 minutesi end salah liverpool
"Rugby Union Weekly. Did the Champions Cup opening weekend deliver? Audio, 52 minutesRugby Union WeeklyDid the Champions Cup opening weekend deliver?",bbc_sport_news,2025-12-09,neutral,rugbi union week champion cup open weekend deliv audio 52 minutesrugbi union weeklydid champion cup open weekend deliv
"F1: Chequered Flag. Abu Dhabi Grand Prix Review. Audio, 32 minutesF1: Chequered FlagAbu Dhabi Grand Prix Review",bbc_sport_news,2025-12-09,neutral,f1 chequer flag abu dhabi grand prix review audio 32 minutesf1 chequer flagabu dhabi grand prix review
"The Ashes: Wounded Stokes says no place for weak men. Audio, 54 minutesThe Ashes: Wounded Stokes says no place for weak men",bbc_sport_news,2025-12-09,neutral,ash wound stoke say place weak men audio 54 minutesth ash wound stoke say place weak men
"More Than The Score. Netball in Africa: Is the future looking bright? Audio, 25 minutesMore Than The ScoreNetball in Africa: Is the future looking bright?",bbc_sport_news,2025-12-09,neutral,score netbal africa futur look bright audio 25 minutesmor scorenetbal africa futur look bright
Discover the BBC's best sports podcasts,bbc_sport_news,2025-12-09,positive,discov bbc best sport podcast
Football Extra newsletter,bbc_sport_news,2025-12-09,positive,footbal extra newslett
Things you need to know,bbc_sport_news,2025-12-09,neutral,thing need know
More from BBC News,bbc_sport_news,2025-12-09,positive,bbc news
Where and how to watch BBC News,bbc_sport_news,2025-12-09,positive,watch bbc news
Premier League,bbc_sport_news,2025-12-09,neutral,premier leagu
European Football,bbc_sport_news,2025-12-09,neutral,european footbal
Find out more about our BBC Sport app,bbc_sport_news,2025-12-09,neutral,find bbc sport app
Find us here,bbc_sport_news,2025-12-09,neutral,find us
Find out more,bbc_sport_news,2025-12-09,neutral,find
Follow the Ashes on BBC Sport,bbc_sport_news,2025-12-09,neutral,follow ash bbc sport
The request could not be satisfied.,espn_news,2025-12-09,neutral,request could satisfi
Israel shot my little sister during the Gaza ceasefire,aljazeera,2025-12-09,negative,israel shot littl sister gaza ceasefir
